family,seed,method,repeat,template_shift,corpus_sha256,template_pages,template_bytes,private_pages,excluded_cow_pages,raw_bytes,stored_objects,compressed_objects,delta_objects,resident_objects,changed_blocks,duplicate_pages,payload_bytes,header_bytes,index_bytes,ref_bytes,total_bytes,template_charge_bytes,charged_total_bytes,saving_pct,charged_saving_pct,enc_ns,dec_ns
sparse,0,raw,0,0,1670876614c06e7638bf1a53b1dcf52ec84e929a8cb1b3cb95e4b1d0aee22a15,64,262144,221,28,905216,221,0,0,221,0,0,905216,0,0,0,905216,0,905216,0.0,0.0,11209,23125
sparse,0,zlib,0,0,1670876614c06e7638bf1a53b1dcf52ec84e929a8cb1b3cb95e4b1d0aee22a15,64,262144,221,28,905216,221,207,0,14,0,0,321548,1656,0,0,323204,0,323204,64.2954,64.2954,21015750,2696875
sparse,0,dedup_zlib,0,0,1670876614c06e7638bf1a53b1dcf52ec84e929a8cb1b3cb95e4b1d0aee22a15,64,262144,221,28,905216,139,130,0,9,0,82,200960,1040,5560,656,208216,0,208216,76.9982,76.9982,13992666,1657125
sparse,0,delta,0,0,1670876614c06e7638bf1a53b1dcf52ec84e929a8cb1b3cb95e4b1d0aee22a15,64,262144,221,28,905216,221,0,221,0,442,0,30056,1768,0,0,31824,262144,293968,96.4844,67.5251,3154917,2625125
sparse,0,min_page,0,0,1670876614c06e7638bf1a53b1dcf52ec84e929a8cb1b3cb95e4b1d0aee22a15,64,262144,221,28,905216,221,40,181,0,362,0,29129,1768,0,0,30897,262144,293041,96.5868,67.6275,23971917,2440958
sparse,0,raw,1,0,1670876614c06e7638bf1a53b1dcf52ec84e929a8cb1b3cb95e4b1d0aee22a15,64,262144,221,28,905216,221,0,0,221,0,0,905216,0,0,0,905216,0,905216,0.0,0.0,12625,32125
sparse,0,zlib,1,0,1670876614c06e7638bf1a53b1dcf52ec84e929a8cb1b3cb95e4b1d0aee22a15,64,262144,221,28,905216,221,207,0,14,0,0,321548,1656,0,0,323204,0,323204,64.2954,64.2954,20554417,2585208
sparse,0,dedup_zlib,1,0,1670876614c06e7638bf1a53b1dcf52ec84e929a8cb1b3cb95e4b1d0aee22a15,64,262144,221,28,905216,139,130,0,9,0,82,200960,1040,5560,656,208216,0,208216,76.9982,76.9982,13949916,1630125
sparse,0,delta,1,0,1670876614c06e7638bf1a53b1dcf52ec84e929a8cb1b3cb95e4b1d0aee22a15,64,262144,221,28,905216,221,0,221,0,442,0,30056,1768,0,0,31824,262144,293968,96.4844,67.5251,3206250,2586459
sparse,0,min_page,1,0,1670876614c06e7638bf1a53b1dcf52ec84e929a8cb1b3cb95e4b1d0aee22a15,64,262144,221,28,905216,221,40,181,0,362,0,29129,1768,0,0,30897,262144,293041,96.5868,67.6275,24058250,2374375
sparse,0,raw,2,0,1670876614c06e7638bf1a53b1dcf52ec84e929a8cb1b3cb95e4b1d0aee22a15,64,262144,221,28,905216,221,0,0,221,0,0,905216,0,0,0,905216,0,905216,0.0,0.0,12083,32208
sparse,0,zlib,2,0,1670876614c06e7638bf1a53b1dcf52ec84e929a8cb1b3cb95e4b1d0aee22a15,64,262144,221,28,905216,221,207,0,14,0,0,321548,1656,0,0,323204,0,323204,64.2954,64.2954,20509167,2571208
sparse,0,dedup_zlib,2,0,1670876614c06e7638bf1a53b1dcf52ec84e929a8cb1b3cb95e4b1d0aee22a15,64,262144,221,28,905216,139,130,0,9,0,82,200960,1040,5560,656,208216,0,208216,76.9982,76.9982,13910084,1591125
sparse,0,delta,2,0,1670876614c06e7638bf1a53b1dcf52ec84e929a8cb1b3cb95e4b1d0aee22a15,64,262144,221,28,905216,221,0,221,0,442,0,30056,1768,0,0,31824,262144,293968,96.4844,67.5251,3133167,2568792
sparse,0,min_page,2,0,1670876614c06e7638bf1a53b1dcf52ec84e929a8cb1b3cb95e4b1d0aee22a15,64,262144,221,28,905216,221,40,181,0,362,0,29129,1768,0,0,30897,262144,293041,96.5868,67.6275,23971917,2348791
sparse,1,raw,0,0,0c6bd7afbd48cf2343c80ab40a08ad15e31b7acc6d70068ec467424e4dd168b9,64,262144,236,27,966656,236,0,0,236,0,0,966656,0,0,0,966656,0,966656,0.0,0.0,12750,34625
sparse,1,zlib,0,0,0c6bd7afbd48cf2343c80ab40a08ad15e31b7acc6d70068ec467424e4dd168b9,64,262144,236,27,966656,236,206,0,30,0,0,348963,1648,0,0,350611,0,350611,63.7295,63.7295,21740625,2380917
sparse,1,dedup_zlib,0,0,0c6bd7afbd48cf2343c80ab40a08ad15e31b7acc6d70068ec467424e4dd168b9,64,262144,236,27,966656,142,122,0,20,0,94,215693,976,5680,752,223101,0,223101,76.9203,76.9203,13934459,1394041
sparse,1,delta,0,0,0c6bd7afbd48cf2343c80ab40a08ad15e31b7acc6d70068ec467424e4dd168b9,64,262144,236,27,966656,236,0,236,0,472,0,32096,1888,0,0,33984,262144,296128,96.4844,69.3657,3419250,2825375
sparse,1,min_page,0,0,0c6bd7afbd48cf2343c80ab40a08ad15e31b7acc6d70068ec467424e4dd168b9,64,262144,236,27,966656,236,56,180,0,360,0,30989,1888,0,0,32877,262144,295021,96.5989,69.4802,25183583,2604833
sparse,1,raw,1,0,0c6bd7afbd48cf2343c80ab40a08ad15e31b7acc6d70068ec467424e4dd168b9,64,262144,236,27,966656,236,0,0,236,0,0,966656,0,0,0,966656,0,966656,0.0,0.0,13166,34875
sparse,1,zlib,1,0,0c6bd7afbd48cf2343c80ab40a08ad15e31b7acc6d70068ec467424e4dd168b9,64,262144,236,27,966656,236,206,0,30,0,0,348963,1648,0,0,350611,0,350611,63.7295,63.7295,21395750,2368084
sparse,1,dedup_zlib,1,0,0c6bd7afbd48cf2343c80ab40a08ad15e31b7acc6d70068ec467424e4dd168b9,64,262144,236,27,966656,142,122,0,20,0,94,215693,976,5680,752,223101,0,223101,76.9203,76.9203,13836917,1389041
sparse,1,delta,1,0,0c6bd7afbd48cf2343c80ab40a08ad15e31b7acc6d70068ec467424e4dd168b9,64,262144,236,27,966656,236,0,236,0,472,0,32096,1888,0,0,33984,262144,296128,96.4844,69.3657,3439875,2827708
sparse,1,min_page,1,0,0c6bd7afbd48cf2343c80ab40a08ad15e31b7acc6d70068ec467424e4dd168b9,64,262144,236,27,966656,236,56,180,0,360,0,30989,1888,0,0,32877,262144,295021,96.5989,69.4802,25135500,2560333
sparse,1,raw,2,0,0c6bd7afbd48cf2343c80ab40a08ad15e31b7acc6d70068ec467424e4dd168b9,64,262144,236,27,966656,236,0,0,236,0,0,966656,0,0,0,966656,0,966656,0.0,0.0,12666,33750
sparse,1,zlib,2,0,0c6bd7afbd48cf2343c80ab40a08ad15e31b7acc6d70068ec467424e4dd168b9,64,262144,236,27,966656,236,206,0,30,0,0,348963,1648,0,0,350611,0,350611,63.7295,63.7295,21326250,2361417
sparse,1,dedup_zlib,2,0,0c6bd7afbd48cf2343c80ab40a08ad15e31b7acc6d70068ec467424e4dd168b9,64,262144,236,27,966656,142,122,0,20,0,94,215693,976,5680,752,223101,0,223101,76.9203,76.9203,13821583,1382792
sparse,1,delta,2,0,0c6bd7afbd48cf2343c80ab40a08ad15e31b7acc6d70068ec467424e4dd168b9,64,262144,236,27,966656,236,0,236,0,472,0,32096,1888,0,0,33984,262144,296128,96.4844,69.3657,3537667,2846083
sparse,1,min_page,2,0,0c6bd7afbd48cf2343c80ab40a08ad15e31b7acc6d70068ec467424e4dd168b9,64,262144,236,27,966656,236,56,180,0,360,0,30989,1888,0,0,32877,262144,295021,96.5989,69.4802,25101541,2567292
sparse,2,raw,0,0,94feaa216ac89485300f460a7170d28279a65cfd311f36e9a1a3a51f46fc7c59,64,262144,238,26,974848,238,0,0,238,0,0,974848,0,0,0,974848,0,974848,0.0,0.0,13625,35875
sparse,2,zlib,0,0,94feaa216ac89485300f460a7170d28279a65cfd311f36e9a1a3a51f46fc7c59,64,262144,238,26,974848,238,223,0,15,0,0,298178,1784,0,0,299962,0,299962,69.2299,69.2299,22402916,2474375
sparse,2,dedup_zlib,0,0,94feaa216ac89485300f460a7170d28279a65cfd311f36e9a1a3a51f46fc7c59,64,262144,238,26,974848,142,134,0,8,0,96,176608,1072,5680,768,184128,0,184128,81.1121,81.1121,14399459,1460416
sparse,2,delta,0,0,94feaa216ac89485300f460a7170d28279a65cfd311f36e9a1a3a51f46fc7c59,64,262144,238,26,974848,238,0,238,0,476,0,32368,1904,0,0,34272,262144,296416,96.4844,69.5936,3480917,2800250
sparse,2,min_page,0,0,94feaa216ac89485300f460a7170d28279a65cfd311f36e9a1a3a51f46fc7c59,64,262144,238,26,974848,238,60,178,0,356,0,31018,1904,0,0,32922,262144,295066,96.6229,69.7321,25920291,2500792
sparse,2,raw,1,0,94feaa216ac89485300f460a7170d28279a65cfd311f36e9a1a3a51f46fc7c59,64,262144,238,26,974848,238,0,0,238,0,0,974848,0,0,0,974848,0,974848,0.0,0.0,12708,34917
sparse,2,zlib,1,0,94feaa216ac89485300f460a7170d28279a65cfd311f36e9a1a3a51f46fc7c59,64,262144,238,26,974848,238,223,0,15,0,0,298178,1784,0,0,299962,0,299962,69.2299,69.2299,22076125,2463333
sparse,2,dedup_zlib,1,0,94feaa216ac89485300f460a7170d28279a65cfd311f36e9a1a3a51f46fc7c59,64,262144,238,26,974848,142,134,0,8,0,96,176608,1072,5680,768,184128,0,184128,81.1121,81.1121,14310833,1463959
sparse,2,delta,1,0,94feaa216ac89485300f460a7170d28279a65cfd311f36e9a1a3a51f46fc7c59,64,262144,238,26,974848,238,0,238,0,476,0,32368,1904,0,0,34272,262144,296416,96.4844,69.5936,3527708,2794792
sparse,2,min_page,1,0,94feaa216ac89485300f460a7170d28279a65cfd311f36e9a1a3a51f46fc7c59,64,262144,238,26,974848,238,60,178,0,356,0,31018,1904,0,0,32922,262144,295066,96.6229,69.7321,25737000,2478583
sparse,2,raw,2,0,94feaa216ac89485300f460a7170d28279a65cfd311f36e9a1a3a51f46fc7c59,64,262144,238,26,974848,238,0,0,238,0,0,974848,0,0,0,974848,0,974848,0.0,0.0,12542,34833
sparse,2,zlib,2,0,94feaa216ac89485300f460a7170d28279a65cfd311f36e9a1a3a51f46fc7c59,64,262144,238,26,974848,238,223,0,15,0,0,298178,1784,0,0,299962,0,299962,69.2299,69.2299,21979834,2481125
sparse,2,dedup_zlib,2,0,94feaa216ac89485300f460a7170d28279a65cfd311f36e9a1a3a51f46fc7c59,64,262144,238,26,974848,142,134,0,8,0,96,176608,1072,5680,768,184128,0,184128,81.1121,81.1121,14253500,1453959
sparse,2,delta,2,0,94feaa216ac89485300f460a7170d28279a65cfd311f36e9a1a3a51f46fc7c59,64,262144,238,26,974848,238,0,238,0,476,0,32368,1904,0,0,34272,262144,296416,96.4844,69.5936,3471833,2793833
sparse,2,min_page,2,0,94feaa216ac89485300f460a7170d28279a65cfd311f36e9a1a3a51f46fc7c59,64,262144,238,26,974848,238,60,178,0,356,0,31018,1904,0,0,32922,262144,295066,96.6229,69.7321,25832875,2504375
sparse,3,raw,0,0,b7061cff98403699c01909b1cecb33947f3338f49bab72e13de3138616068f02,64,262144,240,22,983040,240,0,0,240,0,0,983040,0,0,0,983040,0,983040,0.0,0.0,13125,35541
sparse,3,zlib,0,0,b7061cff98403699c01909b1cecb33947f3338f49bab72e13de3138616068f02,64,262144,240,22,983040,240,205,0,35,0,0,397474,1640,0,0,399114,0,399114,59.4,59.4,23032917,2538917
sparse,3,dedup_zlib,0,0,b7061cff98403699c01909b1cecb33947f3338f49bab72e13de3138616068f02,64,262144,240,22,983040,153,136,0,17,0,87,238848,1088,6120,696,246752,0,246752,74.8991,74.8991,15841000,1657417
sparse,3,delta,0,0,b7061cff98403699c01909b1cecb33947f3338f49bab72e13de3138616068f02,64,262144,240,22,983040,240,0,240,0,480,0,32640,1920,0,0,34560,262144,296704,96.4844,69.8177,3457167,2799291
sparse,3,min_page,0,0,b7061cff98403699c01909b1cecb33947f3338f49bab72e13de3138616068f02,64,262144,240,22,983040,240,38,202,0,404,0,31835,1920,0,0,33755,262144,295899,96.5663,69.8996,26479750,2678625
sparse,3,raw,1,0,b7061cff98403699c01909b1cecb33947f3338f49bab72e13de3138616068f02,64,262144,240,22,983040,240,0,0,240,0,0,983040,0,0,0,983040,0,983040,0.0,0.0,12958,34333
sparse,3,zlib,1,0,b7061cff98403699c01909b1cecb33947f3338f49bab72e13de3138616068f02,64,262144,240,22,983040,240,205,0,35,0,0,397474,1640,0,0,399114,0,399114,59.4,59.4,22654083,2533250
sparse,3,dedup_zlib,1,0,b7061cff98403699c01909b1cecb33947f3338f49bab72e13de3138616068f02,64,262144,240,22,983040,153,136,0,17,0,87,238848,1088,6120,696,246752,0,246752,74.8991,74.8991,15745542,1653833
sparse,3,delta,1,0,b7061cff98403699c01909b1cecb33947f3338f49bab72e13de3138616068f02,64,262144,240,22,983040,240,0,240,0,480,0,32640,1920,0,0,34560,262144,296704,96.4844,69.8177,3457000,2807167
sparse,3,min_page,1,0,b7061cff98403699c01909b1cecb33947f3338f49bab72e13de3138616068f02,64,262144,240,22,983040,240,38,202,0,404,0,31835,1920,0,0,33755,262144,295899,96.5663,69.8996,26425084,2676166
sparse,3,raw,2,0,b7061cff98403699c01909b1cecb33947f3338f49bab72e13de3138616068f02,64,262144,240,22,983040,240,0,0,240,0,0,983040,0,0,0,983040,0,983040,0.0,0.0,12625,34458
sparse,3,zlib,2,0,b7061cff98403699c01909b1cecb33947f3338f49bab72e13de3138616068f02,64,262144,240,22,983040,240,205,0,35,0,0,397474,1640,0,0,399114,0,399114,59.4,59.4,22587667,2528917
sparse,3,dedup_zlib,2,0,b7061cff98403699c01909b1cecb33947f3338f49bab72e13de3138616068f02,64,262144,240,22,983040,153,136,0,17,0,87,238848,1088,6120,696,246752,0,246752,74.8991,74.8991,15690625,1656375
sparse,3,delta,2,0,b7061cff98403699c01909b1cecb33947f3338f49bab72e13de3138616068f02,64,262144,240,22,983040,240,0,240,0,480,0,32640,1920,0,0,34560,262144,296704,96.4844,69.8177,3486334,2828333
sparse,3,min_page,2,0,b7061cff98403699c01909b1cecb33947f3338f49bab72e13de3138616068f02,64,262144,240,22,983040,240,38,202,0,404,0,31835,1920,0,0,33755,262144,295899,96.5663,69.8996,26416459,2701833
sparse,4,raw,0,0,9715b3b667e9d47e5d542d2cc3af3f4aed5ec3798c38867573ab93561569a814,64,262144,242,25,991232,242,0,0,242,0,0,991232,0,0,0,991232,0,991232,0.0,0.0,14875,41083
sparse,4,zlib,0,0,9715b3b667e9d47e5d542d2cc3af3f4aed5ec3798c38867573ab93561569a814,64,262144,242,25,991232,242,222,0,20,0,0,299824,1776,0,0,301600,0,301600,69.5732,69.5732,22662791,2378250
sparse,4,dedup_zlib,0,0,9715b3b667e9d47e5d542d2cc3af3f4aed5ec3798c38867573ab93561569a814,64,262144,242,25,991232,134,125,0,9,0,108,165432,1000,5360,864,172656,0,172656,82.5817,82.5817,13375042,1362583
sparse,4,delta,0,0,9715b3b667e9d47e5d542d2cc3af3f4aed5ec3798c38867573ab93561569a814,64,262144,242,25,991232,242,0,242,0,484,0,32912,1936,0,0,34848,262144,296992,96.4844,70.0381,3489334,2915708
sparse,4,min_page,0,0,9715b3b667e9d47e5d542d2cc3af3f4aed5ec3798c38867573ab93561569a814,64,262144,242,25,991232,242,65,177,0,354,0,31637,1936,0,0,33573,262144,295717,96.613,70.1667,26309083,2652709
sparse,4,raw,1,0,9715b3b667e9d47e5d542d2cc3af3f4aed5ec3798c38867573ab93561569a814,64,262144,242,25,991232,242,0,0,242,0,0,991232,0,0,0,991232,0,991232,0.0,0.0,12958,35542
sparse,4,zlib,1,0,9715b3b667e9d47e5d542d2cc3af3f4aed5ec3798c38867573ab93561569a814,64,262144,242,25,991232,242,222,0,20,0,0,299824,1776,0,0,301600,0,301600,69.5732,69.5732,22746000,2512958
sparse,4,dedup_zlib,1,0,9715b3b667e9d47e5d542d2cc3af3f4aed5ec3798c38867573ab93561569a814,64,262144,242,25,991232,134,125,0,9,0,108,165432,1000,5360,864,172656,0,172656,82.5817,82.5817,13049625,1467667
sparse,4,delta,1,0,9715b3b667e9d47e5d542d2cc3af3f4aed5ec3798c38867573ab93561569a814,64,262144,242,25,991232,242,0,242,0,484,0,32912,1936,0,0,34848,262144,296992,96.4844,70.0381,3596084,2810458
sparse,4,min_page,1,0,9715b3b667e9d47e5d542d2cc3af3f4aed5ec3798c38867573ab93561569a814,64,262144,242,25,991232,242,65,177,0,354,0,31637,1936,0,0,33573,262144,295717,96.613,70.1667,25800500,2670625
sparse,4,raw,2,0,9715b3b667e9d47e5d542d2cc3af3f4aed5ec3798c38867573ab93561569a814,64,262144,242,25,991232,242,0,0,242,0,0,991232,0,0,0,991232,0,991232,0.0,0.0,12916,36334
sparse,4,zlib,2,0,9715b3b667e9d47e5d542d2cc3af3f4aed5ec3798c38867573ab93561569a814,64,262144,242,25,991232,242,222,0,20,0,0,299824,1776,0,0,301600,0,301600,69.5732,69.5732,22730250,2516042
sparse,4,dedup_zlib,2,0,9715b3b667e9d47e5d542d2cc3af3f4aed5ec3798c38867573ab93561569a814,64,262144,242,25,991232,134,125,0,9,0,108,165432,1000,5360,864,172656,0,172656,82.5817,82.5817,13241167,1434333
sparse,4,delta,2,0,9715b3b667e9d47e5d542d2cc3af3f4aed5ec3798c38867573ab93561569a814,64,262144,242,25,991232,242,0,242,0,484,0,32912,1936,0,0,34848,262144,296992,96.4844,70.0381,3477708,2832042
sparse,4,min_page,2,0,9715b3b667e9d47e5d542d2cc3af3f4aed5ec3798c38867573ab93561569a814,64,262144,242,25,991232,242,65,177,0,354,0,31637,1936,0,0,33573,262144,295717,96.613,70.1667,25905750,2637333
sparse,5,raw,0,0,b1f0d2c5d1aba224fcd6f5b19dea8517038778a60fef149ff7dcaac0574f969c,64,262144,232,19,950272,232,0,0,232,0,0,950272,0,0,0,950272,0,950272,0.0,0.0,13958,36125
sparse,5,zlib,0,0,b1f0d2c5d1aba224fcd6f5b19dea8517038778a60fef149ff7dcaac0574f969c,64,262144,232,19,950272,232,209,0,23,0,0,333930,1672,0,0,335602,0,335602,64.6836,64.6836,22734917,2432167
sparse,5,dedup_zlib,0,0,b1f0d2c5d1aba224fcd6f5b19dea8517038778a60fef149ff7dcaac0574f969c,64,262144,232,19,950272,142,128,0,14,0,90,207867,1024,5680,720,215291,0,215291,77.3443,77.3443,14890000,1518541
sparse,5,delta,0,0,b1f0d2c5d1aba224fcd6f5b19dea8517038778a60fef149ff7dcaac0574f969c,64,262144,232,19,950272,232,0,232,0,464,0,31552,1856,0,0,33408,262144,295552,96.4844,68.8982,3376167,2724083
sparse,5,min_page,0,0,b1f0d2c5d1aba224fcd6f5b19dea8517038778a60fef149ff7dcaac0574f969c,64,262144,232,19,950272,232,42,190,0,380,0,30721,1856,0,0,32577,262144,294721,96.5718,68.9856,26558584,2717458
sparse,5,raw,1,0,b1f0d2c5d1aba224fcd6f5b19dea8517038778a60fef149ff7dcaac0574f969c,64,262144,232,19,950272,232,0,0,232,0,0,950272,0,0,0,950272,0,950272,0.0,0.0,13208,33459
sparse,5,zlib,1,0,b1f0d2c5d1aba224fcd6f5b19dea8517038778a60fef149ff7dcaac0574f969c,64,262144,232,19,950272,232,209,0,23,0,0,333930,1672,0,0,335602,0,335602,64.6836,64.6836,22749375,2448667
sparse,5,dedup_zlib,1,0,b1f0d2c5d1aba224fcd6f5b19dea8517038778a60fef149ff7dcaac0574f969c,64,262144,232,19,950272,142,128,0,14,0,90,207867,1024,5680,720,215291,0,215291,77.3443,77.3443,14741500,1636250
sparse,5,delta,1,0,b1f0d2c5d1aba224fcd6f5b19dea8517038778a60fef149ff7dcaac0574f969c,64,262144,232,19,950272,232,0,232,0,464,0,31552,1856,0,0,33408,262144,295552,96.4844,68.8982,3357958,2734917
sparse,5,min_page,1,0,b1f0d2c5d1aba224fcd6f5b19dea8517038778a60fef149ff7dcaac0574f969c,64,262144,232,19,950272,232,42,190,0,380,0,30721,1856,0,0,32577,262144,294721,96.5718,68.9856,26518625,2637958
sparse,5,raw,2,0,b1f0d2c5d1aba224fcd6f5b19dea8517038778a60fef149ff7dcaac0574f969c,64,262144,232,19,950272,232,0,0,232,0,0,950272,0,0,0,950272,0,950272,0.0,0.0,12208,33292
sparse,5,zlib,2,0,b1f0d2c5d1aba224fcd6f5b19dea8517038778a60fef149ff7dcaac0574f969c,64,262144,232,19,950272,232,209,0,23,0,0,333930,1672,0,0,335602,0,335602,64.6836,64.6836,22579208,2447292
sparse,5,dedup_zlib,2,0,b1f0d2c5d1aba224fcd6f5b19dea8517038778a60fef149ff7dcaac0574f969c,64,262144,232,19,950272,142,128,0,14,0,90,207867,1024,5680,720,215291,0,215291,77.3443,77.3443,14805958,1492375
sparse,5,delta,2,0,b1f0d2c5d1aba224fcd6f5b19dea8517038778a60fef149ff7dcaac0574f969c,64,262144,232,19,950272,232,0,232,0,464,0,31552,1856,0,0,33408,262144,295552,96.4844,68.8982,3260041,2701834
sparse,5,min_page,2,0,b1f0d2c5d1aba224fcd6f5b19dea8517038778a60fef149ff7dcaac0574f969c,64,262144,232,19,950272,232,42,190,0,380,0,30721,1856,0,0,32577,262144,294721,96.5718,68.9856,26024542,2573625
sparse,6,raw,0,0,248c38b558921f88ee12ce70730a134b0bda15fb51bb7eb7b97ad3fc6f8b07be,64,262144,249,22,1019904,249,0,0,249,0,0,1019904,0,0,0,1019904,0,1019904,0.0,0.0,13250,36375
sparse,6,zlib,0,0,248c38b558921f88ee12ce70730a134b0bda15fb51bb7eb7b97ad3fc6f8b07be,64,262144,249,22,1019904,249,227,0,22,0,0,341015,1816,0,0,342831,0,342831,66.386,66.386,23729875,2604375
sparse,6,dedup_zlib,0,0,248c38b558921f88ee12ce70730a134b0bda15fb51bb7eb7b97ad3fc6f8b07be,64,262144,249,22,1019904,142,129,0,13,0,107,195319,1032,5680,856,202887,0,202887,80.1072,80.1072,14859417,1500208
sparse,6,delta,0,0,248c38b558921f88ee12ce70730a134b0bda15fb51bb7eb7b97ad3fc6f8b07be,64,262144,249,22,1019904,249,0,249,0,498,0,33864,1992,0,0,35856,262144,298000,96.4844,70.7816,3596666,2938750
sparse,6,min_page,0,0,248c38b558921f88ee12ce70730a134b0bda15fb51bb7eb7b97ad3fc6f8b07be,64,262144,249,22,1019904,249,53,196,0,392,0,32663,1992,0,0,34655,262144,296799,96.6021,70.8993,27744500,2912459
sparse,6,raw,1,0,248c38b558921f88ee12ce70730a134b0bda15fb51bb7eb7b97ad3fc6f8b07be,64,262144,249,22,1019904,249,0,0,249,0,0,1019904,0,0,0,1019904,0,1019904,0.0,0.0,13458,35959
sparse,6,zlib,1,0,248c38b558921f88ee12ce70730a134b0bda15fb51bb7eb7b97ad3fc6f8b07be,64,262144,249,22,1019904,249,227,0,22,0,0,341015,1816,0,0,342831,0,342831,66.386,66.386,23349709,2579250
sparse,6,dedup_zlib,1,0,248c38b558921f88ee12ce70730a134b0bda15fb51bb7eb7b97ad3fc6f8b07be,64,262144,249,22,1019904,142,129,0,13,0,107,195319,1032,5680,856,202887,0,202887,80.1072,80.1072,14772792,1432916
sparse,6,delta,1,0,248c38b558921f88ee12ce70730a134b0bda15fb51bb7eb7b97ad3fc6f8b07be,64,262144,249,22,1019904,249,0,249,0,498,0,33864,1992,0,0,35856,262144,298000,96.4844,70.7816,3560292,2932833
sparse,6,min_page,1,0,248c38b558921f88ee12ce70730a134b0bda15fb51bb7eb7b97ad3fc6f8b07be,64,262144,249,22,1019904,249,53,196,0,392,0,32663,1992,0,0,34655,262144,296799,96.6021,70.8993,27400958,2753708
sparse,6,raw,2,0,248c38b558921f88ee12ce70730a134b0bda15fb51bb7eb7b97ad3fc6f8b07be,64,262144,249,22,1019904,249,0,0,249,0,0,1019904,0,0,0,1019904,0,1019904,0.0,0.0,13375,35791
sparse,6,zlib,2,0,248c38b558921f88ee12ce70730a134b0bda15fb51bb7eb7b97ad3fc6f8b07be,64,262144,249,22,1019904,249,227,0,22,0,0,341015,1816,0,0,342831,0,342831,66.386,66.386,23276458,2595792
sparse,6,dedup_zlib,2,0,248c38b558921f88ee12ce70730a134b0bda15fb51bb7eb7b97ad3fc6f8b07be,64,262144,249,22,1019904,142,129,0,13,0,107,195319,1032,5680,856,202887,0,202887,80.1072,80.1072,14758334,1444458
sparse,6,delta,2,0,248c38b558921f88ee12ce70730a134b0bda15fb51bb7eb7b97ad3fc6f8b07be,64,262144,249,22,1019904,249,0,249,0,498,0,33864,1992,0,0,35856,262144,298000,96.4844,70.7816,3583791,2905500
sparse,6,min_page,2,0,248c38b558921f88ee12ce70730a134b0bda15fb51bb7eb7b97ad3fc6f8b07be,64,262144,249,22,1019904,249,53,196,0,392,0,32663,1992,0,0,34655,262144,296799,96.6021,70.8993,27438833,2698709
sparse,7,raw,0,0,1ac4c4574a2d3cdb7e3533d7ef6b9d1cbaa619327a637ba4f988896cf517e40d,64,262144,216,28,884736,216,0,0,216,0,0,884736,0,0,0,884736,0,884736,0.0,0.0,13125,33417
sparse,7,zlib,0,0,1ac4c4574a2d3cdb7e3533d7ef6b9d1cbaa619327a637ba4f988896cf517e40d,64,262144,216,28,884736,216,203,0,13,0,0,287733,1624,0,0,289357,0,289357,67.2945,67.2945,20245542,2409208
sparse,7,dedup_zlib,0,0,1ac4c4574a2d3cdb7e3533d7ef6b9d1cbaa619327a637ba4f988896cf517e40d,64,262144,216,28,884736,128,118,0,10,0,88,180400,944,5120,704,187168,0,187168,78.8448,78.8448,12666875,1402792
sparse,7,delta,0,0,1ac4c4574a2d3cdb7e3533d7ef6b9d1cbaa619327a637ba4f988896cf517e40d,64,262144,216,28,884736,216,0,216,0,432,0,29376,1728,0,0,31104,262144,293248,96.4844,66.8547,3149458,2576458
sparse,7,min_page,0,0,1ac4c4574a2d3cdb7e3533d7ef6b9d1cbaa619327a637ba4f988896cf517e40d,64,262144,216,28,884736,216,50,166,0,332,0,28291,1728,0,0,30019,262144,292163,96.607,66.9774,23467208,2343042
sparse,7,raw,1,0,1ac4c4574a2d3cdb7e3533d7ef6b9d1cbaa619327a637ba4f988896cf517e40d,64,262144,216,28,884736,216,0,0,216,0,0,884736,0,0,0,884736,0,884736,0.0,0.0,12250,32125
sparse,7,zlib,1,0,1ac4c4574a2d3cdb7e3533d7ef6b9d1cbaa619327a637ba4f988896cf517e40d,64,262144,216,28,884736,216,203,0,13,0,0,287733,1624,0,0,289357,0,289357,67.2945,67.2945,19638209,2405958
sparse,7,dedup_zlib,1,0,1ac4c4574a2d3cdb7e3533d7ef6b9d1cbaa619327a637ba4f988896cf517e40d,64,262144,216,28,884736,128,118,0,10,0,88,180400,944,5120,704,187168,0,187168,78.8448,78.8448,12510333,1396334
sparse,7,delta,1,0,1ac4c4574a2d3cdb7e3533d7ef6b9d1cbaa619327a637ba4f988896cf517e40d,64,262144,216,28,884736,216,0,216,0,432,0,29376,1728,0,0,31104,262144,293248,96.4844,66.8547,3265167,2565250
sparse,7,min_page,1,0,1ac4c4574a2d3cdb7e3533d7ef6b9d1cbaa619327a637ba4f988896cf517e40d,64,262144,216,28,884736,216,50,166,0,332,0,28291,1728,0,0,30019,262144,292163,96.607,66.9774,23455042,2344416
sparse,7,raw,2,0,1ac4c4574a2d3cdb7e3533d7ef6b9d1cbaa619327a637ba4f988896cf517e40d,64,262144,216,28,884736,216,0,0,216,0,0,884736,0,0,0,884736,0,884736,0.0,0.0,11875,31959
sparse,7,zlib,2,0,1ac4c4574a2d3cdb7e3533d7ef6b9d1cbaa619327a637ba4f988896cf517e40d,64,262144,216,28,884736,216,203,0,13,0,0,287733,1624,0,0,289357,0,289357,67.2945,67.2945,19849166,2418834
sparse,7,dedup_zlib,2,0,1ac4c4574a2d3cdb7e3533d7ef6b9d1cbaa619327a637ba4f988896cf517e40d,64,262144,216,28,884736,128,118,0,10,0,88,180400,944,5120,704,187168,0,187168,78.8448,78.8448,12557042,1399791
sparse,7,delta,2,0,1ac4c4574a2d3cdb7e3533d7ef6b9d1cbaa619327a637ba4f988896cf517e40d,64,262144,216,28,884736,216,0,216,0,432,0,29376,1728,0,0,31104,262144,293248,96.4844,66.8547,3254750,2555834
sparse,7,min_page,2,0,1ac4c4574a2d3cdb7e3533d7ef6b9d1cbaa619327a637ba4f988896cf517e40d,64,262144,216,28,884736,216,50,166,0,332,0,28291,1728,0,0,30019,262144,292163,96.607,66.9774,23323125,2348625
sparse,8,raw,0,0,f8e44b40470933988fb16f6bb9ae68b7d7910ced15c25e601b33fa9e5f97951b,64,262144,240,28,983040,240,0,0,240,0,0,983040,0,0,0,983040,0,983040,0.0,0.0,12958,34792
sparse,8,zlib,0,0,f8e44b40470933988fb16f6bb9ae68b7d7910ced15c25e601b33fa9e5f97951b,64,262144,240,28,983040,240,217,0,23,0,0,338616,1736,0,0,340352,0,340352,65.3776,65.3776,21051958,2599500
sparse,8,dedup_zlib,0,0,f8e44b40470933988fb16f6bb9ae68b7d7910ced15c25e601b33fa9e5f97951b,64,262144,240,28,983040,148,134,0,14,0,92,208999,1072,5920,736,216727,0,216727,77.9534,77.9534,13908125,1575000
sparse,8,delta,0,0,f8e44b40470933988fb16f6bb9ae68b7d7910ced15c25e601b33fa9e5f97951b,64,262144,240,28,983040,240,0,240,0,480,0,32640,1920,0,0,34560,262144,296704,96.4844,69.8177,3463625,2804375
sparse,8,min_page,0,0,f8e44b40470933988fb16f6bb9ae68b7d7910ced15c25e601b33fa9e5f97951b,64,262144,240,28,983040,240,64,176,0,352,0,31346,1920,0,0,33266,262144,295410,96.616,69.9493,24686625,2563208
sparse,8,raw,1,0,f8e44b40470933988fb16f6bb9ae68b7d7910ced15c25e601b33fa9e5f97951b,64,262144,240,28,983040,240,0,0,240,0,0,983040,0,0,0,983040,0,983040,0.0,0.0,12875,35125
sparse,8,zlib,1,0,f8e44b40470933988fb16f6bb9ae68b7d7910ced15c25e601b33fa9e5f97951b,64,262144,240,28,983040,240,217,0,23,0,0,338616,1736,0,0,340352,0,340352,65.3776,65.3776,20747000,2578166
sparse,8,dedup_zlib,1,0,f8e44b40470933988fb16f6bb9ae68b7d7910ced15c25e601b33fa9e5f97951b,64,262144,240,28,983040,148,134,0,14,0,92,208999,1072,5920,736,216727,0,216727,77.9534,77.9534,13840250,1592292
sparse,8,delta,1,0,f8e44b40470933988fb16f6bb9ae68b7d7910ced15c25e601b33fa9e5f97951b,64,262144,240,28,983040,240,0,240,0,480,0,32640,1920,0,0,34560,262144,296704,96.4844,69.8177,3550333,2834209
sparse,8,min_page,1,0,f8e44b40470933988fb16f6bb9ae68b7d7910ced15c25e601b33fa9e5f97951b,64,262144,240,28,983040,240,64,176,0,352,0,31346,1920,0,0,33266,262144,295410,96.616,69.9493,24599834,2546375
sparse,8,raw,2,0,f8e44b40470933988fb16f6bb9ae68b7d7910ced15c25e601b33fa9e5f97951b,64,262144,240,28,983040,240,0,0,240,0,0,983040,0,0,0,983040,0,983040,0.0,0.0,12875,34500
sparse,8,zlib,2,0,f8e44b40470933988fb16f6bb9ae68b7d7910ced15c25e601b33fa9e5f97951b,64,262144,240,28,983040,240,217,0,23,0,0,338616,1736,0,0,340352,0,340352,65.3776,65.3776,20671708,2575459
sparse,8,dedup_zlib,2,0,f8e44b40470933988fb16f6bb9ae68b7d7910ced15c25e601b33fa9e5f97951b,64,262144,240,28,983040,148,134,0,14,0,92,208999,1072,5920,736,216727,0,216727,77.9534,77.9534,13837167,1574625
sparse,8,delta,2,0,f8e44b40470933988fb16f6bb9ae68b7d7910ced15c25e601b33fa9e5f97951b,64,262144,240,28,983040,240,0,240,0,480,0,32640,1920,0,0,34560,262144,296704,96.4844,69.8177,3438000,2829291
sparse,8,min_page,2,0,f8e44b40470933988fb16f6bb9ae68b7d7910ced15c25e601b33fa9e5f97951b,64,262144,240,28,983040,240,64,176,0,352,0,31346,1920,0,0,33266,262144,295410,96.616,69.9493,24951667,2621958
sparse,9,raw,0,0,a6524f4d123875e32d9076fe3f8d7a190f46cc925b5be1ecd2376e32ff398748,64,262144,200,22,819200,200,0,0,200,0,0,819200,0,0,0,819200,0,819200,0.0,0.0,12917,31750
sparse,9,zlib,0,0,a6524f4d123875e32d9076fe3f8d7a190f46cc925b5be1ecd2376e32ff398748,64,262144,200,22,819200,200,171,0,29,0,0,342986,1368,0,0,344354,0,344354,57.9646,57.9646,20300958,2174959
sparse,9,dedup_zlib,0,0,a6524f4d123875e32d9076fe3f8d7a190f46cc925b5be1ecd2376e32ff398748,64,262144,200,22,819200,133,117,0,16,0,67,220141,936,5320,536,226933,0,226933,72.2982,72.2982,14565209,1503333
sparse,9,delta,0,0,a6524f4d123875e32d9076fe3f8d7a190f46cc925b5be1ecd2376e32ff398748,64,262144,200,22,819200,200,0,200,0,400,0,27200,1600,0,0,28800,262144,290944,96.4844,64.4844,2904291,2380334
sparse,9,min_page,0,0,a6524f4d123875e32d9076fe3f8d7a190f46cc925b5be1ecd2376e32ff398748,64,262144,200,22,819200,200,19,181,0,362,0,26756,1600,0,0,28356,262144,290500,96.5386,64.5386,23267750,2349209
sparse,9,raw,1,0,a6524f4d123875e32d9076fe3f8d7a190f46cc925b5be1ecd2376e32ff398748,64,262144,200,22,819200,200,0,0,200,0,0,819200,0,0,0,819200,0,819200,0.0,0.0,10875,28916
sparse,9,zlib,1,0,a6524f4d123875e32d9076fe3f8d7a190f46cc925b5be1ecd2376e32ff398748,64,262144,200,22,819200,200,171,0,29,0,0,342986,1368,0,0,344354,0,344354,57.9646,57.9646,19836000,2157166
sparse,9,dedup_zlib,1,0,a6524f4d123875e32d9076fe3f8d7a190f46cc925b5be1ecd2376e32ff398748,64,262144,200,22,819200,133,117,0,16,0,67,220141,936,5320,536,226933,0,226933,72.2982,72.2982,14362125,1524125
sparse,9,delta,1,0,a6524f4d123875e32d9076fe3f8d7a190f46cc925b5be1ecd2376e32ff398748,64,262144,200,22,819200,200,0,200,0,400,0,27200,1600,0,0,28800,262144,290944,96.4844,64.4844,2953292,2366167
sparse,9,min_page,1,0,a6524f4d123875e32d9076fe3f8d7a190f46cc925b5be1ecd2376e32ff398748,64,262144,200,22,819200,200,19,181,0,362,0,26756,1600,0,0,28356,262144,290500,96.5386,64.5386,23168125,2293416
sparse,9,raw,2,0,a6524f4d123875e32d9076fe3f8d7a190f46cc925b5be1ecd2376e32ff398748,64,262144,200,22,819200,200,0,0,200,0,0,819200,0,0,0,819200,0,819200,0.0,0.0,10750,29084
sparse,9,zlib,2,0,a6524f4d123875e32d9076fe3f8d7a190f46cc925b5be1ecd2376e32ff398748,64,262144,200,22,819200,200,171,0,29,0,0,342986,1368,0,0,344354,0,344354,57.9646,57.9646,20203625,2161667
sparse,9,dedup_zlib,2,0,a6524f4d123875e32d9076fe3f8d7a190f46cc925b5be1ecd2376e32ff398748,64,262144,200,22,819200,133,117,0,16,0,67,220141,936,5320,536,226933,0,226933,72.2982,72.2982,15879083,1445500
sparse,9,delta,2,0,a6524f4d123875e32d9076fe3f8d7a190f46cc925b5be1ecd2376e32ff398748,64,262144,200,22,819200,200,0,200,0,400,0,27200,1600,0,0,28800,262144,290944,96.4844,64.4844,2896459,2354375
sparse,9,min_page,2,0,a6524f4d123875e32d9076fe3f8d7a190f46cc925b5be1ecd2376e32ff398748,64,262144,200,22,819200,200,19,181,0,362,0,26756,1600,0,0,28356,262144,290500,96.5386,64.5386,23573000,2388375
heavy,0,raw,0,0,c8efd201ab1cd9d76e64abccbee5854a5bae1371763fc1a1eb3084f30f11df64,64,262144,392,0,1605632,392,0,0,392,0,0,1605632,0,0,0,1605632,0,1605632,0.0,0.0,18333,48167
heavy,0,zlib,0,0,c8efd201ab1cd9d76e64abccbee5854a5bae1371763fc1a1eb3084f30f11df64,64,262144,392,0,1605632,392,392,0,0,0,0,1028808,3136,0,0,1031944,0,1031944,35.7297,35.7297,45228166,6372292
heavy,0,dedup_zlib,0,0,c8efd201ab1cd9d76e64abccbee5854a5bae1371763fc1a1eb3084f30f11df64,64,262144,392,0,1605632,392,392,0,0,0,0,1028808,3136,15680,0,1047624,0,1047624,34.7532,34.7532,46058333,6381250
heavy,0,delta,0,0,c8efd201ab1cd9d76e64abccbee5854a5bae1371763fc1a1eb3084f30f11df64,64,262144,392,0,1605632,392,0,392,0,18816,0,1207360,3136,0,0,1210496,262144,1472640,24.6094,8.2828,7856083,5159042
heavy,0,min_page,0,0,c8efd201ab1cd9d76e64abccbee5854a5bae1371763fc1a1eb3084f30f11df64,64,262144,392,0,1605632,392,358,34,0,1632,0,1018739,3136,0,0,1021875,262144,1284019,36.3568,20.0303,52978250,6236959
heavy,0,raw,1,0,c8efd201ab1cd9d76e64abccbee5854a5bae1371763fc1a1eb3084f30f11df64,64,262144,392,0,1605632,392,0,0,392,0,0,1605632,0,0,0,1605632,0,1605632,0.0,0.0,33416,53417
heavy,0,zlib,1,0,c8efd201ab1cd9d76e64abccbee5854a5bae1371763fc1a1eb3084f30f11df64,64,262144,392,0,1605632,392,392,0,0,0,0,1028808,3136,0,0,1031944,0,1031944,35.7297,35.7297,44517042,6078500
heavy,0,dedup_zlib,1,0,c8efd201ab1cd9d76e64abccbee5854a5bae1371763fc1a1eb3084f30f11df64,64,262144,392,0,1605632,392,392,0,0,0,0,1028808,3136,15680,0,1047624,0,1047624,34.7532,34.7532,46114208,6103458
heavy,0,delta,1,0,c8efd201ab1cd9d76e64abccbee5854a5bae1371763fc1a1eb3084f30f11df64,64,262144,392,0,1605632,392,0,392,0,18816,0,1207360,3136,0,0,1210496,262144,1472640,24.6094,8.2828,7485542,5062208
heavy,0,min_page,1,0,c8efd201ab1cd9d76e64abccbee5854a5bae1371763fc1a1eb3084f30f11df64,64,262144,392,0,1605632,392,358,34,0,1632,0,1018739,3136,0,0,1021875,262144,1284019,36.3568,20.0303,53120458,6062292
heavy,0,raw,2,0,c8efd201ab1cd9d76e64abccbee5854a5bae1371763fc1a1eb3084f30f11df64,64,262144,392,0,1605632,392,0,0,392,0,0,1605632,0,0,0,1605632,0,1605632,0.0,0.0,35417,54417
heavy,0,zlib,2,0,c8efd201ab1cd9d76e64abccbee5854a5bae1371763fc1a1eb3084f30f11df64,64,262144,392,0,1605632,392,392,0,0,0,0,1028808,3136,0,0,1031944,0,1031944,35.7297,35.7297,44915291,6097875
heavy,0,dedup_zlib,2,0,c8efd201ab1cd9d76e64abccbee5854a5bae1371763fc1a1eb3084f30f11df64,64,262144,392,0,1605632,392,392,0,0,0,0,1028808,3136,15680,0,1047624,0,1047624,34.7532,34.7532,46068041,6102667
heavy,0,delta,2,0,c8efd201ab1cd9d76e64abccbee5854a5bae1371763fc1a1eb3084f30f11df64,64,262144,392,0,1605632,392,0,392,0,18816,0,1207360,3136,0,0,1210496,262144,1472640,24.6094,8.2828,7346958,5013542
heavy,0,min_page,2,0,c8efd201ab1cd9d76e64abccbee5854a5bae1371763fc1a1eb3084f30f11df64,64,262144,392,0,1605632,392,358,34,0,1632,0,1018739,3136,0,0,1021875,262144,1284019,36.3568,20.0303,53029500,6025834
heavy,1,raw,0,0,b38b943d4f24435eb0ad85dbf596af64abfb916f4133a3312be19a6481db0260,64,262144,376,0,1540096,376,0,0,376,0,0,1540096,0,0,0,1540096,0,1540096,0.0,0.0,34625,56500
heavy,1,zlib,0,0,b38b943d4f24435eb0ad85dbf596af64abfb916f4133a3312be19a6481db0260,64,262144,376,0,1540096,376,376,0,0,0,0,979490,3008,0,0,982498,0,982498,36.2054,36.2054,42535791,5850917
heavy,1,dedup_zlib,0,0,b38b943d4f24435eb0ad85dbf596af64abfb916f4133a3312be19a6481db0260,64,262144,376,0,1540096,376,376,0,0,0,0,979490,3008,15040,0,997538,0,997538,35.2288,35.2288,43961833,6145125
heavy,1,delta,0,0,b38b943d4f24435eb0ad85dbf596af64abfb916f4133a3312be19a6481db0260,64,262144,376,0,1540096,376,0,376,0,18048,0,1158080,3008,0,0,1161088,262144,1423232,24.6094,7.5881,7322916,4977292
heavy,1,min_page,0,0,b38b943d4f24435eb0ad85dbf596af64abfb916f4133a3312be19a6481db0260,64,262144,376,0,1540096,376,357,19,0,912,0,974707,3008,0,0,977715,262144,1239859,36.516,19.4947,51416000,6027625
heavy,1,raw,1,0,b38b943d4f24435eb0ad85dbf596af64abfb916f4133a3312be19a6481db0260,64,262144,376,0,1540096,376,0,0,376,0,0,1540096,0,0,0,1540096,0,1540096,0.0,0.0,36625,51209
heavy,1,zlib,1,0,b38b943d4f24435eb0ad85dbf596af64abfb916f4133a3312be19a6481db0260,64,262144,376,0,1540096,376,376,0,0,0,0,979490,3008,0,0,982498,0,982498,36.2054,36.2054,42811208,5843167
heavy,1,dedup_zlib,1,0,b38b943d4f24435eb0ad85dbf596af64abfb916f4133a3312be19a6481db0260,64,262144,376,0,1540096,376,376,0,0,0,0,979490,3008,15040,0,997538,0,997538,35.2288,35.2288,44361750,5884958
heavy,1,delta,1,0,b38b943d4f24435eb0ad85dbf596af64abfb916f4133a3312be19a6481db0260,64,262144,376,0,1540096,376,0,376,0,18048,0,1158080,3008,0,0,1161088,262144,1423232,24.6094,7.5881,7218958,4913375
heavy,1,min_page,1,0,b38b943d4f24435eb0ad85dbf596af64abfb916f4133a3312be19a6481db0260,64,262144,376,0,1540096,376,357,19,0,912,0,974707,3008,0,0,977715,262144,1239859,36.516,19.4947,51069792,5936708
heavy,1,raw,2,0,b38b943d4f24435eb0ad85dbf596af64abfb916f4133a3312be19a6481db0260,64,262144,376,0,1540096,376,0,0,376,0,0,1540096,0,0,0,1540096,0,1540096,0.0,0.0,37708,51875
heavy,1,zlib,2,0,b38b943d4f24435eb0ad85dbf596af64abfb916f4133a3312be19a6481db0260,64,262144,376,0,1540096,376,376,0,0,0,0,979490,3008,0,0,982498,0,982498,36.2054,36.2054,42982208,5851334
heavy,1,dedup_zlib,2,0,b38b943d4f24435eb0ad85dbf596af64abfb916f4133a3312be19a6481db0260,64,262144,376,0,1540096,376,376,0,0,0,0,979490,3008,15040,0,997538,0,997538,35.2288,35.2288,44176792,6209667
heavy,1,delta,2,0,b38b943d4f24435eb0ad85dbf596af64abfb916f4133a3312be19a6481db0260,64,262144,376,0,1540096,376,0,376,0,18048,0,1158080,3008,0,0,1161088,262144,1423232,24.6094,7.5881,7190042,5017541
heavy,1,min_page,2,0,b38b943d4f24435eb0ad85dbf596af64abfb916f4133a3312be19a6481db0260,64,262144,376,0,1540096,376,357,19,0,912,0,974707,3008,0,0,977715,262144,1239859,36.516,19.4947,51054041,6005750
heavy,2,raw,0,0,b588d11d9fbb84cb77c4503eb1ef9c621bf6063cb60e65476428e2674ced19fd,64,262144,392,0,1605632,392,0,0,392,0,0,1605632,0,0,0,1605632,0,1605632,0.0,0.0,34292,54708
heavy,2,zlib,0,0,b588d11d9fbb84cb77c4503eb1ef9c621bf6063cb60e65476428e2674ced19fd,64,262144,392,0,1605632,392,392,0,0,0,0,1030735,3136,0,0,1033871,0,1033871,35.6097,35.6097,43892458,6139709
heavy,2,dedup_zlib,0,0,b588d11d9fbb84cb77c4503eb1ef9c621bf6063cb60e65476428e2674ced19fd,64,262144,392,0,1605632,392,392,0,0,0,0,1030735,3136,15680,0,1049551,0,1049551,34.6332,34.6332,45004250,6410000
heavy,2,delta,0,0,b588d11d9fbb84cb77c4503eb1ef9c621bf6063cb60e65476428e2674ced19fd,64,262144,392,0,1605632,392,0,392,0,18816,0,1207360,3136,0,0,1210496,262144,1472640,24.6094,8.2828,7930375,5196042
heavy,2,min_page,0,0,b588d11d9fbb84cb77c4503eb1ef9c621bf6063cb60e65476428e2674ced19fd,64,262144,392,0,1605632,392,375,17,0,816,0,1025653,3136,0,0,1028789,262144,1290933,35.9262,19.5997,52452208,6132292
heavy,2,raw,1,0,b588d11d9fbb84cb77c4503eb1ef9c621bf6063cb60e65476428e2674ced19fd,64,262144,392,0,1605632,392,0,0,392,0,0,1605632,0,0,0,1605632,0,1605632,0.0,0.0,32917,54250
heavy,2,zlib,1,0,b588d11d9fbb84cb77c4503eb1ef9c621bf6063cb60e65476428e2674ced19fd,64,262144,392,0,1605632,392,392,0,0,0,0,1030735,3136,0,0,1033871,0,1033871,35.6097,35.6097,44452792,6117958
heavy,2,dedup_zlib,1,0,b588d11d9fbb84cb77c4503eb1ef9c621bf6063cb60e65476428e2674ced19fd,64,262144,392,0,1605632,392,392,0,0,0,0,1030735,3136,15680,0,1049551,0,1049551,34.6332,34.6332,46000625,6244000
heavy,2,delta,1,0,b588d11d9fbb84cb77c4503eb1ef9c621bf6063cb60e65476428e2674ced19fd,64,262144,392,0,1605632,392,0,392,0,18816,0,1207360,3136,0,0,1210496,262144,1472640,24.6094,8.2828,8069708,5076375
heavy,2,min_page,1,0,b588d11d9fbb84cb77c4503eb1ef9c621bf6063cb60e65476428e2674ced19fd,64,262144,392,0,1605632,392,375,17,0,816,0,1025653,3136,0,0,1028789,262144,1290933,35.9262,19.5997,52647709,6129291
heavy,2,raw,2,0,b588d11d9fbb84cb77c4503eb1ef9c621bf6063cb60e65476428e2674ced19fd,64,262144,392,0,1605632,392,0,0,392,0,0,1605632,0,0,0,1605632,0,1605632,0.0,0.0,32542,54042
heavy,2,zlib,2,0,b588d11d9fbb84cb77c4503eb1ef9c621bf6063cb60e65476428e2674ced19fd,64,262144,392,0,1605632,392,392,0,0,0,0,1030735,3136,0,0,1033871,0,1033871,35.6097,35.6097,44278375,6107708
heavy,2,dedup_zlib,2,0,b588d11d9fbb84cb77c4503eb1ef9c621bf6063cb60e65476428e2674ced19fd,64,262144,392,0,1605632,392,392,0,0,0,0,1030735,3136,15680,0,1049551,0,1049551,34.6332,34.6332,45978125,6150208
heavy,2,delta,2,0,b588d11d9fbb84cb77c4503eb1ef9c621bf6063cb60e65476428e2674ced19fd,64,262144,392,0,1605632,392,0,392,0,18816,0,1207360,3136,0,0,1210496,262144,1472640,24.6094,8.2828,7975625,5145042
heavy,2,min_page,2,0,b588d11d9fbb84cb77c4503eb1ef9c621bf6063cb60e65476428e2674ced19fd,64,262144,392,0,1605632,392,375,17,0,816,0,1025653,3136,0,0,1028789,262144,1290933,35.9262,19.5997,53426000,6310584
heavy,3,raw,0,0,9a60ffa095ba1f037f0460ef607b7511b28be360c38796c1810667394c687a1a,64,262144,392,0,1605632,392,0,0,392,0,0,1605632,0,0,0,1605632,0,1605632,0.0,0.0,37958,59458
heavy,3,zlib,0,0,9a60ffa095ba1f037f0460ef607b7511b28be360c38796c1810667394c687a1a,64,262144,392,0,1605632,392,392,0,0,0,0,1024931,3136,0,0,1028067,0,1028067,35.9712,35.9712,44827584,6176416
heavy,3,dedup_zlib,0,0,9a60ffa095ba1f037f0460ef607b7511b28be360c38796c1810667394c687a1a,64,262144,392,0,1605632,392,392,0,0,0,0,1024931,3136,15680,0,1043747,0,1043747,34.9946,34.9946,45886542,6311375
heavy,3,delta,0,0,9a60ffa095ba1f037f0460ef607b7511b28be360c38796c1810667394c687a1a,64,262144,392,0,1605632,392,0,392,0,18816,0,1207360,3136,0,0,1210496,262144,1472640,24.6094,8.2828,7700875,5073875
heavy,3,min_page,0,0,9a60ffa095ba1f037f0460ef607b7511b28be360c38796c1810667394c687a1a,64,262144,392,0,1605632,392,354,38,0,1824,0,1017019,3136,0,0,1020155,262144,1282299,36.464,20.1374,53054958,6153709
heavy,3,raw,1,0,9a60ffa095ba1f037f0460ef607b7511b28be360c38796c1810667394c687a1a,64,262144,392,0,1605632,392,0,0,392,0,0,1605632,0,0,0,1605632,0,1605632,0.0,0.0,225000,96167
heavy,3,zlib,1,0,9a60ffa095ba1f037f0460ef607b7511b28be360c38796c1810667394c687a1a,64,262144,392,0,1605632,392,392,0,0,0,0,1024931,3136,0,0,1028067,0,1028067,35.9712,35.9712,44965500,6183209
heavy,3,dedup_zlib,1,0,9a60ffa095ba1f037f0460ef607b7511b28be360c38796c1810667394c687a1a,64,262144,392,0,1605632,392,392,0,0,0,0,1024931,3136,15680,0,1043747,0,1043747,34.9946,34.9946,46240542,6352791
heavy,3,delta,1,0,9a60ffa095ba1f037f0460ef607b7511b28be360c38796c1810667394c687a1a,64,262144,392,0,1605632,392,0,392,0,18816,0,1207360,3136,0,0,1210496,262144,1472640,24.6094,8.2828,7833250,5134250
heavy,3,min_page,1,0,9a60ffa095ba1f037f0460ef607b7511b28be360c38796c1810667394c687a1a,64,262144,392,0,1605632,392,354,38,0,1824,0,1017019,3136,0,0,1020155,262144,1282299,36.464,20.1374,52823625,6210625
heavy,3,raw,2,0,9a60ffa095ba1f037f0460ef607b7511b28be360c38796c1810667394c687a1a,64,262144,392,0,1605632,392,0,0,392,0,0,1605632,0,0,0,1605632,0,1605632,0.0,0.0,210792,165708
heavy,3,zlib,2,0,9a60ffa095ba1f037f0460ef607b7511b28be360c38796c1810667394c687a1a,64,262144,392,0,1605632,392,392,0,0,0,0,1024931,3136,0,0,1028067,0,1028067,35.9712,35.9712,44790000,6347167
heavy,3,dedup_zlib,2,0,9a60ffa095ba1f037f0460ef607b7511b28be360c38796c1810667394c687a1a,64,262144,392,0,1605632,392,392,0,0,0,0,1024931,3136,15680,0,1043747,0,1043747,34.9946,34.9946,46100667,6395833
heavy,3,delta,2,0,9a60ffa095ba1f037f0460ef607b7511b28be360c38796c1810667394c687a1a,64,262144,392,0,1605632,392,0,392,0,18816,0,1207360,3136,0,0,1210496,262144,1472640,24.6094,8.2828,7658917,5055792
heavy,3,min_page,2,0,9a60ffa095ba1f037f0460ef607b7511b28be360c38796c1810667394c687a1a,64,262144,392,0,1605632,392,354,38,0,1824,0,1017019,3136,0,0,1020155,262144,1282299,36.464,20.1374,53098833,6157333
heavy,4,raw,0,0,3d0290c6785c1680e0d5448f9e3a3fb21cff4b614798ff3e13370a19fba9b87f,64,262144,385,0,1576960,385,0,0,385,0,0,1576960,0,0,0,1576960,0,1576960,0.0,0.0,245584,99208
heavy,4,zlib,0,0,3d0290c6785c1680e0d5448f9e3a3fb21cff4b614798ff3e13370a19fba9b87f,64,262144,385,0,1576960,385,385,0,0,0,0,1013762,3080,0,0,1016842,0,1016842,35.5188,35.5188,43700375,6250667
heavy,4,dedup_zlib,0,0,3d0290c6785c1680e0d5448f9e3a3fb21cff4b614798ff3e13370a19fba9b87f,64,262144,385,0,1576960,385,385,0,0,0,0,1013762,3080,15400,0,1032242,0,1032242,34.5423,34.5423,44818667,6280458
heavy,4,delta,0,0,3d0290c6785c1680e0d5448f9e3a3fb21cff4b614798ff3e13370a19fba9b87f,64,262144,385,0,1576960,385,0,385,0,18480,0,1185800,3080,0,0,1188880,262144,1451024,24.6094,7.986,7423750,4857541
heavy,4,min_page,0,0,3d0290c6785c1680e0d5448f9e3a3fb21cff4b614798ff3e13370a19fba9b87f,64,262144,385,0,1576960,385,352,33,0,1584,0,1007372,3080,0,0,1010452,262144,1272596,35.9241,19.3007,51830167,6102458
heavy,4,raw,1,0,3d0290c6785c1680e0d5448f9e3a3fb21cff4b614798ff3e13370a19fba9b87f,64,262144,385,0,1576960,385,0,0,385,0,0,1576960,0,0,0,1576960,0,1576960,0.0,0.0,154458,93917
heavy,4,zlib,1,0,3d0290c6785c1680e0d5448f9e3a3fb21cff4b614798ff3e13370a19fba9b87f,64,262144,385,0,1576960,385,385,0,0,0,0,1013762,3080,0,0,1016842,0,1016842,35.5188,35.5188,43425292,6207417
heavy,4,dedup_zlib,1,0,3d0290c6785c1680e0d5448f9e3a3fb21cff4b614798ff3e13370a19fba9b87f,64,262144,385,0,1576960,385,385,0,0,0,0,1013762,3080,15400,0,1032242,0,1032242,34.5423,34.5423,45149708,6260834
heavy,4,delta,1,0,3d0290c6785c1680e0d5448f9e3a3fb21cff4b614798ff3e13370a19fba9b87f,64,262144,385,0,1576960,385,0,385,0,18480,0,1185800,3080,0,0,1188880,262144,1451024,24.6094,7.986,7376875,5010708
heavy,4,min_page,1,0,3d0290c6785c1680e0d5448f9e3a3fb21cff4b614798ff3e13370a19fba9b87f,64,262144,385,0,1576960,385,352,33,0,1584,0,1007372,3080,0,0,1010452,262144,1272596,35.9241,19.3007,52353000,6051916
heavy,4,raw,2,0,3d0290c6785c1680e0d5448f9e3a3fb21cff4b614798ff3e13370a19fba9b87f,64,262144,385,0,1576960,385,0,0,385,0,0,1576960,0,0,0,1576960,0,1576960,0.0,0.0,33250,51667
heavy,4,zlib,2,0,3d0290c6785c1680e0d5448f9e3a3fb21cff4b614798ff3e13370a19fba9b87f,64,262144,385,0,1576960,385,385,0,0,0,0,1013762,3080,0,0,1016842,0,1016842,35.5188,35.5188,43694375,6104500
heavy,4,dedup_zlib,2,0,3d0290c6785c1680e0d5448f9e3a3fb21cff4b614798ff3e13370a19fba9b87f,64,262144,385,0,1576960,385,385,0,0,0,0,1013762,3080,15400,0,1032242,0,1032242,34.5423,34.5423,45017834,6277500
heavy,4,delta,2,0,3d0290c6785c1680e0d5448f9e3a3fb21cff4b614798ff3e13370a19fba9b87f,64,262144,385,0,1576960,385,0,385,0,18480,0,1185800,3080,0,0,1188880,262144,1451024,24.6094,7.986,7366166,4950667
heavy,4,min_page,2,0,3d0290c6785c1680e0d5448f9e3a3fb21cff4b614798ff3e13370a19fba9b87f,64,262144,385,0,1576960,385,352,33,0,1584,0,1007372,3080,0,0,1010452,262144,1272596,35.9241,19.3007,51651125,6081958
heavy,5,raw,0,0,a62348c37b41400bb4def801d16c093c2904949676b9264ee6344144089d4261,64,262144,390,0,1597440,390,0,0,390,0,0,1597440,0,0,0,1597440,0,1597440,0.0,0.0,44708,67583
heavy,5,zlib,0,0,a62348c37b41400bb4def801d16c093c2904949676b9264ee6344144089d4261,64,262144,390,0,1597440,390,390,0,0,0,0,1029119,3120,0,0,1032239,0,1032239,35.3817,35.3817,44167333,6107375
heavy,5,dedup_zlib,0,0,a62348c37b41400bb4def801d16c093c2904949676b9264ee6344144089d4261,64,262144,390,0,1597440,390,390,0,0,0,0,1029119,3120,15600,0,1047839,0,1047839,34.4051,34.4051,45001500,6353417
heavy,5,delta,0,0,a62348c37b41400bb4def801d16c093c2904949676b9264ee6344144089d4261,64,262144,390,0,1597440,390,0,390,0,18720,0,1201200,3120,0,0,1204320,262144,1466464,24.6094,8.1991,7363958,5028292
heavy,5,min_page,0,0,a62348c37b41400bb4def801d16c093c2904949676b9264ee6344144089d4261,64,262144,390,0,1597440,390,364,26,0,1248,0,1023132,3120,0,0,1026252,262144,1288396,35.7565,19.3462,52002333,6185208
heavy,5,raw,1,0,a62348c37b41400bb4def801d16c093c2904949676b9264ee6344144089d4261,64,262144,390,0,1597440,390,0,0,390,0,0,1597440,0,0,0,1597440,0,1597440,0.0,0.0,34167,53708
heavy,5,zlib,1,0,a62348c37b41400bb4def801d16c093c2904949676b9264ee6344144089d4261,64,262144,390,0,1597440,390,390,0,0,0,0,1029119,3120,0,0,1032239,0,1032239,35.3817,35.3817,43476584,6260625
heavy,5,dedup_zlib,1,0,a62348c37b41400bb4def801d16c093c2904949676b9264ee6344144089d4261,64,262144,390,0,1597440,390,390,0,0,0,0,1029119,3120,15600,0,1047839,0,1047839,34.4051,34.4051,45154458,6149625
heavy,5,delta,1,0,a62348c37b41400bb4def801d16c093c2904949676b9264ee6344144089d4261,64,262144,390,0,1597440,390,0,390,0,18720,0,1201200,3120,0,0,1204320,262144,1466464,24.6094,8.1991,7875666,5142500
heavy,5,min_page,1,0,a62348c37b41400bb4def801d16c093c2904949676b9264ee6344144089d4261,64,262144,390,0,1597440,390,364,26,0,1248,0,1023132,3120,0,0,1026252,262144,1288396,35.7565,19.3462,52337459,6199375
heavy,5,raw,2,0,a62348c37b41400bb4def801d16c093c2904949676b9264ee6344144089d4261,64,262144,390,0,1597440,390,0,0,390,0,0,1597440,0,0,0,1597440,0,1597440,0.0,0.0,34417,53750
heavy,5,zlib,2,0,a62348c37b41400bb4def801d16c093c2904949676b9264ee6344144089d4261,64,262144,390,0,1597440,390,390,0,0,0,0,1029119,3120,0,0,1032239,0,1032239,35.3817,35.3817,43900917,6127292
heavy,5,dedup_zlib,2,0,a62348c37b41400bb4def801d16c093c2904949676b9264ee6344144089d4261,64,262144,390,0,1597440,390,390,0,0,0,0,1029119,3120,15600,0,1047839,0,1047839,34.4051,34.4051,45042583,6133459
heavy,5,delta,2,0,a62348c37b41400bb4def801d16c093c2904949676b9264ee6344144089d4261,64,262144,390,0,1597440,390,0,390,0,18720,0,1201200,3120,0,0,1204320,262144,1466464,24.6094,8.1991,7612000,5030916
heavy,5,min_page,2,0,a62348c37b41400bb4def801d16c093c2904949676b9264ee6344144089d4261,64,262144,390,0,1597440,390,364,26,0,1248,0,1023132,3120,0,0,1026252,262144,1288396,35.7565,19.3462,52455542,6052125
heavy,6,raw,0,0,3ca2ec29b04ebd3007b0be74f1b0ee31e97a4fd6c910281cd7745827c6af2bd5,64,262144,392,0,1605632,392,0,0,392,0,0,1605632,0,0,0,1605632,0,1605632,0.0,0.0,34375,55333
heavy,6,zlib,0,0,3ca2ec29b04ebd3007b0be74f1b0ee31e97a4fd6c910281cd7745827c6af2bd5,64,262144,392,0,1605632,392,392,0,0,0,0,1033571,3136,0,0,1036707,0,1036707,35.4331,35.4331,44498417,6114750
heavy,6,dedup_zlib,0,0,3ca2ec29b04ebd3007b0be74f1b0ee31e97a4fd6c910281cd7745827c6af2bd5,64,262144,392,0,1605632,392,392,0,0,0,0,1033571,3136,15680,0,1052387,0,1052387,34.4565,34.4565,45681334,6115583
heavy,6,delta,0,0,3ca2ec29b04ebd3007b0be74f1b0ee31e97a4fd6c910281cd7745827c6af2bd5,64,262144,392,0,1605632,392,0,392,0,18816,0,1207360,3136,0,0,1210496,262144,1472640,24.6094,8.2828,7742125,5120709
heavy,6,min_page,0,0,3ca2ec29b04ebd3007b0be74f1b0ee31e97a4fd6c910281cd7745827c6af2bd5,64,262144,392,0,1605632,392,369,23,0,1104,0,1028013,3136,0,0,1031149,262144,1293293,35.7792,19.4527,52969875,6109417
heavy,6,raw,1,0,3ca2ec29b04ebd3007b0be74f1b0ee31e97a4fd6c910281cd7745827c6af2bd5,64,262144,392,0,1605632,392,0,0,392,0,0,1605632,0,0,0,1605632,0,1605632,0.0,0.0,34333,55000
heavy,6,zlib,1,0,3ca2ec29b04ebd3007b0be74f1b0ee31e97a4fd6c910281cd7745827c6af2bd5,64,262144,392,0,1605632,392,392,0,0,0,0,1033571,3136,0,0,1036707,0,1036707,35.4331,35.4331,44326500,6087750
heavy,6,dedup_zlib,1,0,3ca2ec29b04ebd3007b0be74f1b0ee31e97a4fd6c910281cd7745827c6af2bd5,64,262144,392,0,1605632,392,392,0,0,0,0,1033571,3136,15680,0,1052387,0,1052387,34.4565,34.4565,46034667,6119333
heavy,6,delta,1,0,3ca2ec29b04ebd3007b0be74f1b0ee31e97a4fd6c910281cd7745827c6af2bd5,64,262144,392,0,1605632,392,0,392,0,18816,0,1207360,3136,0,0,1210496,262144,1472640,24.6094,8.2828,7424875,5142959
heavy,6,min_page,1,0,3ca2ec29b04ebd3007b0be74f1b0ee31e97a4fd6c910281cd7745827c6af2bd5,64,262144,392,0,1605632,392,369,23,0,1104,0,1028013,3136,0,0,1031149,262144,1293293,35.7792,19.4527,53009625,6092375
heavy,6,raw,2,0,3ca2ec29b04ebd3007b0be74f1b0ee31e97a4fd6c910281cd7745827c6af2bd5,64,262144,392,0,1605632,392,0,0,392,0,0,1605632,0,0,0,1605632,0,1605632,0.0,0.0,34917,54667
heavy,6,zlib,2,0,3ca2ec29b04ebd3007b0be74f1b0ee31e97a4fd6c910281cd7745827c6af2bd5,64,262144,392,0,1605632,392,392,0,0,0,0,1033571,3136,0,0,1036707,0,1036707,35.4331,35.4331,44206833,6109084
heavy,6,dedup_zlib,2,0,3ca2ec29b04ebd3007b0be74f1b0ee31e97a4fd6c910281cd7745827c6af2bd5,64,262144,392,0,1605632,392,392,0,0,0,0,1033571,3136,15680,0,1052387,0,1052387,34.4565,34.4565,45480917,6141791
heavy,6,delta,2,0,3ca2ec29b04ebd3007b0be74f1b0ee31e97a4fd6c910281cd7745827c6af2bd5,64,262144,392,0,1605632,392,0,392,0,18816,0,1207360,3136,0,0,1210496,262144,1472640,24.6094,8.2828,7724417,5118000
heavy,6,min_page,2,0,3ca2ec29b04ebd3007b0be74f1b0ee31e97a4fd6c910281cd7745827c6af2bd5,64,262144,392,0,1605632,392,369,23,0,1104,0,1028013,3136,0,0,1031149,262144,1293293,35.7792,19.4527,52378833,6108750
heavy,7,raw,0,0,00d6840af3d2a7d4f672b1ef11b1fbd5c791b79a3142b4683faa69f6e6e08078,64,262144,412,0,1687552,412,0,0,412,0,0,1687552,0,0,0,1687552,0,1687552,0.0,0.0,36917,56292
heavy,7,zlib,0,0,00d6840af3d2a7d4f672b1ef11b1fbd5c791b79a3142b4683faa69f6e6e08078,64,262144,412,0,1687552,412,412,0,0,0,0,1074360,3296,0,0,1077656,0,1077656,36.1409,36.1409,47284042,6387416
heavy,7,dedup_zlib,0,0,00d6840af3d2a7d4f672b1ef11b1fbd5c791b79a3142b4683faa69f6e6e08078,64,262144,412,0,1687552,412,412,0,0,0,0,1074360,3296,16480,0,1094136,0,1094136,35.1643,35.1643,48322000,6361875
heavy,7,delta,0,0,00d6840af3d2a7d4f672b1ef11b1fbd5c791b79a3142b4683faa69f6e6e08078,64,262144,412,0,1687552,412,0,412,0,19776,0,1268960,3296,0,0,1272256,262144,1534400,24.6094,9.0754,8323625,5298416
heavy,7,min_page,0,0,00d6840af3d2a7d4f672b1ef11b1fbd5c791b79a3142b4683faa69f6e6e08078,64,262144,412,0,1687552,412,370,42,0,2016,0,1065108,3296,0,0,1068404,262144,1330548,36.6891,21.1551,55976792,6316041
heavy,7,raw,1,0,00d6840af3d2a7d4f672b1ef11b1fbd5c791b79a3142b4683faa69f6e6e08078,64,262144,412,0,1687552,412,0,0,412,0,0,1687552,0,0,0,1687552,0,1687552,0.0,0.0,37208,56667
heavy,7,zlib,1,0,00d6840af3d2a7d4f672b1ef11b1fbd5c791b79a3142b4683faa69f6e6e08078,64,262144,412,0,1687552,412,412,0,0,0,0,1074360,3296,0,0,1077656,0,1077656,36.1409,36.1409,47317125,6364000
heavy,7,dedup_zlib,1,0,00d6840af3d2a7d4f672b1ef11b1fbd5c791b79a3142b4683faa69f6e6e08078,64,262144,412,0,1687552,412,412,0,0,0,0,1074360,3296,16480,0,1094136,0,1094136,35.1643,35.1643,48618084,6364041
heavy,7,delta,1,0,00d6840af3d2a7d4f672b1ef11b1fbd5c791b79a3142b4683faa69f6e6e08078,64,262144,412,0,1687552,412,0,412,0,19776,0,1268960,3296,0,0,1272256,262144,1534400,24.6094,9.0754,8115458,5305375
heavy,7,min_page,1,0,00d6840af3d2a7d4f672b1ef11b1fbd5c791b79a3142b4683faa69f6e6e08078,64,262144,412,0,1687552,412,370,42,0,2016,0,1065108,3296,0,0,1068404,262144,1330548,36.6891,21.1551,55748083,6275750
heavy,7,raw,2,0,00d6840af3d2a7d4f672b1ef11b1fbd5c791b79a3142b4683faa69f6e6e08078,64,262144,412,0,1687552,412,0,0,412,0,0,1687552,0,0,0,1687552,0,1687552,0.0,0.0,34459,58125
heavy,7,zlib,2,0,00d6840af3d2a7d4f672b1ef11b1fbd5c791b79a3142b4683faa69f6e6e08078,64,262144,412,0,1687552,412,412,0,0,0,0,1074360,3296,0,0,1077656,0,1077656,36.1409,36.1409,47211625,6352417
heavy,7,dedup_zlib,2,0,00d6840af3d2a7d4f672b1ef11b1fbd5c791b79a3142b4683faa69f6e6e08078,64,262144,412,0,1687552,412,412,0,0,0,0,1074360,3296,16480,0,1094136,0,1094136,35.1643,35.1643,48657916,6362334
heavy,7,delta,2,0,00d6840af3d2a7d4f672b1ef11b1fbd5c791b79a3142b4683faa69f6e6e08078,64,262144,412,0,1687552,412,0,412,0,19776,0,1268960,3296,0,0,1272256,262144,1534400,24.6094,9.0754,8335417,5400125
heavy,7,min_page,2,0,00d6840af3d2a7d4f672b1ef11b1fbd5c791b79a3142b4683faa69f6e6e08078,64,262144,412,0,1687552,412,370,42,0,2016,0,1065108,3296,0,0,1068404,262144,1330548,36.6891,21.1551,56163083,6302000
heavy,8,raw,0,0,ce7bea3d30f4057fb901e934f72b58d08754deedffc9ec5e9f3d93e62d5931a5,64,262144,395,0,1617920,395,0,0,395,0,0,1617920,0,0,0,1617920,0,1617920,0.0,0.0,37250,57292
heavy,8,zlib,0,0,ce7bea3d30f4057fb901e934f72b58d08754deedffc9ec5e9f3d93e62d5931a5,64,262144,395,0,1617920,395,395,0,0,0,0,1037429,3160,0,0,1040589,0,1040589,35.6835,35.6835,45001750,6150834
heavy,8,dedup_zlib,0,0,ce7bea3d30f4057fb901e934f72b58d08754deedffc9ec5e9f3d93e62d5931a5,64,262144,395,0,1617920,395,395,0,0,0,0,1037429,3160,15800,0,1056389,0,1056389,34.707,34.707,46435667,6146208
heavy,8,delta,0,0,ce7bea3d30f4057fb901e934f72b58d08754deedffc9ec5e9f3d93e62d5931a5,64,262144,395,0,1617920,395,0,395,0,18960,0,1216600,3160,0,0,1219760,262144,1481904,24.6094,8.4068,7887542,5065292
heavy,8,min_page,0,0,ce7bea3d30f4057fb901e934f72b58d08754deedffc9ec5e9f3d93e62d5931a5,64,262144,395,0,1617920,395,354,41,0,1968,0,1028993,3160,0,0,1032153,262144,1294297,36.2049,20.0024,53764250,6094458
heavy,8,raw,1,0,ce7bea3d30f4057fb901e934f72b58d08754deedffc9ec5e9f3d93e62d5931a5,64,262144,395,0,1617920,395,0,0,395,0,0,1617920,0,0,0,1617920,0,1617920,0.0,0.0,33333,54917
heavy,8,zlib,1,0,ce7bea3d30f4057fb901e934f72b58d08754deedffc9ec5e9f3d93e62d5931a5,64,262144,395,0,1617920,395,395,0,0,0,0,1037429,3160,0,0,1040589,0,1040589,35.6835,35.6835,45579500,6114000
heavy,8,dedup_zlib,1,0,ce7bea3d30f4057fb901e934f72b58d08754deedffc9ec5e9f3d93e62d5931a5,64,262144,395,0,1617920,395,395,0,0,0,0,1037429,3160,15800,0,1056389,0,1056389,34.707,34.707,47254292,6132708
heavy,8,delta,1,0,ce7bea3d30f4057fb901e934f72b58d08754deedffc9ec5e9f3d93e62d5931a5,64,262144,395,0,1617920,395,0,395,0,18960,0,1216600,3160,0,0,1219760,262144,1481904,24.6094,8.4068,7755333,5147208
heavy,8,min_page,1,0,ce7bea3d30f4057fb901e934f72b58d08754deedffc9ec5e9f3d93e62d5931a5,64,262144,395,0,1617920,395,354,41,0,1968,0,1028993,3160,0,0,1032153,262144,1294297,36.2049,20.0024,53951791,6158500
heavy,8,raw,2,0,ce7bea3d30f4057fb901e934f72b58d08754deedffc9ec5e9f3d93e62d5931a5,64,262144,395,0,1617920,395,0,0,395,0,0,1617920,0,0,0,1617920,0,1617920,0.0,0.0,141000,180000
heavy,8,zlib,2,0,ce7bea3d30f4057fb901e934f72b58d08754deedffc9ec5e9f3d93e62d5931a5,64,262144,395,0,1617920,395,395,0,0,0,0,1037429,3160,0,0,1040589,0,1040589,35.6835,35.6835,45735167,6355416
heavy,8,dedup_zlib,2,0,ce7bea3d30f4057fb901e934f72b58d08754deedffc9ec5e9f3d93e62d5931a5,64,262144,395,0,1617920,395,395,0,0,0,0,1037429,3160,15800,0,1056389,0,1056389,34.707,34.707,47430459,6388125
heavy,8,delta,2,0,ce7bea3d30f4057fb901e934f72b58d08754deedffc9ec5e9f3d93e62d5931a5,64,262144,395,0,1617920,395,0,395,0,18960,0,1216600,3160,0,0,1219760,262144,1481904,24.6094,8.4068,7886000,5121208
heavy,8,min_page,2,0,ce7bea3d30f4057fb901e934f72b58d08754deedffc9ec5e9f3d93e62d5931a5,64,262144,395,0,1617920,395,354,41,0,1968,0,1028993,3160,0,0,1032153,262144,1294297,36.2049,20.0024,54494667,6195125
heavy,9,raw,0,0,d038a4eb5a266b552a5644fbeb62bb58e1ab8347d4ff666088dae0f944246fcb,64,262144,393,0,1609728,393,0,0,393,0,0,1609728,0,0,0,1609728,0,1609728,0.0,0.0,128667,142792
heavy,9,zlib,0,0,d038a4eb5a266b552a5644fbeb62bb58e1ab8347d4ff666088dae0f944246fcb,64,262144,393,0,1609728,393,393,0,0,0,0,1042306,3144,0,0,1045450,0,1045450,35.0542,35.0542,45196958,6396958
heavy,9,dedup_zlib,0,0,d038a4eb5a266b552a5644fbeb62bb58e1ab8347d4ff666088dae0f944246fcb,64,262144,393,0,1609728,393,393,0,0,0,0,1042306,3144,15720,0,1061170,0,1061170,34.0777,34.0777,46304042,6428083
heavy,9,delta,0,0,d038a4eb5a266b552a5644fbeb62bb58e1ab8347d4ff666088dae0f944246fcb,64,262144,393,0,1609728,393,0,393,0,18864,0,1210440,3144,0,0,1213584,262144,1475728,24.6094,8.3244,7838916,5207709
heavy,9,min_page,0,0,d038a4eb5a266b552a5644fbeb62bb58e1ab8347d4ff666088dae0f944246fcb,64,262144,393,0,1609728,393,347,46,0,2208,0,1032528,3144,0,0,1035672,262144,1297816,35.6617,19.3767,53679958,6171500
heavy,9,raw,1,0,d038a4eb5a266b552a5644fbeb62bb58e1ab8347d4ff666088dae0f944246fcb,64,262144,393,0,1609728,393,0,0,393,0,0,1609728,0,0,0,1609728,0,1609728,0.0,0.0,33834,55791
heavy,9,zlib,1,0,d038a4eb5a266b552a5644fbeb62bb58e1ab8347d4ff666088dae0f944246fcb,64,262144,393,0,1609728,393,393,0,0,0,0,1042306,3144,0,0,1045450,0,1045450,35.0542,35.0542,45155833,6133834
heavy,9,dedup_zlib,1,0,d038a4eb5a266b552a5644fbeb62bb58e1ab8347d4ff666088dae0f944246fcb,64,262144,393,0,1609728,393,393,0,0,0,0,1042306,3144,15720,0,1061170,0,1061170,34.0777,34.0777,46431000,6392000
heavy,9,delta,1,0,d038a4eb5a266b552a5644fbeb62bb58e1ab8347d4ff666088dae0f944246fcb,64,262144,393,0,1609728,393,0,393,0,18864,0,1210440,3144,0,0,1213584,262144,1475728,24.6094,8.3244,7406083,5335250
heavy,9,min_page,1,0,d038a4eb5a266b552a5644fbeb62bb58e1ab8347d4ff666088dae0f944246fcb,64,262144,393,0,1609728,393,347,46,0,2208,0,1032528,3144,0,0,1035672,262144,1297816,35.6617,19.3767,53910958,6132542
heavy,9,raw,2,0,d038a4eb5a266b552a5644fbeb62bb58e1ab8347d4ff666088dae0f944246fcb,64,262144,393,0,1609728,393,0,0,393,0,0,1609728,0,0,0,1609728,0,1609728,0.0,0.0,35083,55834
heavy,9,zlib,2,0,d038a4eb5a266b552a5644fbeb62bb58e1ab8347d4ff666088dae0f944246fcb,64,262144,393,0,1609728,393,393,0,0,0,0,1042306,3144,0,0,1045450,0,1045450,35.0542,35.0542,44887958,6161167
heavy,9,dedup_zlib,2,0,d038a4eb5a266b552a5644fbeb62bb58e1ab8347d4ff666088dae0f944246fcb,64,262144,393,0,1609728,393,393,0,0,0,0,1042306,3144,15720,0,1061170,0,1061170,34.0777,34.0777,46025375,6188708
heavy,9,delta,2,0,d038a4eb5a266b552a5644fbeb62bb58e1ab8347d4ff666088dae0f944246fcb,64,262144,393,0,1609728,393,0,393,0,18864,0,1210440,3144,0,0,1213584,262144,1475728,24.6094,8.3244,7888208,5117500
heavy,9,min_page,2,0,d038a4eb5a266b552a5644fbeb62bb58e1ab8347d4ff666088dae0f944246fcb,64,262144,393,0,1609728,393,347,46,0,2208,0,1032528,3144,0,0,1035672,262144,1297816,35.6617,19.3767,53683333,6106834
random,0,raw,0,0,1350007a99f9ddf6948ae5a34386c3dd25acbce4c5743e45f35ccfd889a72a66,64,262144,512,0,2097152,512,0,0,512,0,0,2097152,0,0,0,2097152,0,2097152,0.0,0.0,38167,66625
random,0,zlib,0,0,1350007a99f9ddf6948ae5a34386c3dd25acbce4c5743e45f35ccfd889a72a66,64,262144,512,0,2097152,512,0,0,512,0,0,2097152,0,0,0,2097152,0,2097152,0.0,0.0,37414542,48292
random,0,dedup_zlib,0,0,1350007a99f9ddf6948ae5a34386c3dd25acbce4c5743e45f35ccfd889a72a66,64,262144,512,0,2097152,512,0,0,512,0,0,2097152,0,20480,0,2117632,0,2117632,-0.9766,-0.9766,38529334,49541
random,0,delta,0,0,1350007a99f9ddf6948ae5a34386c3dd25acbce4c5743e45f35ccfd889a72a66,64,262144,512,0,2097152,512,0,0,512,0,0,2097152,0,0,0,2097152,262144,2359296,0.0,-12.5,10000959,85291
random,0,min_page,0,0,1350007a99f9ddf6948ae5a34386c3dd25acbce4c5743e45f35ccfd889a72a66,64,262144,512,0,2097152,512,0,0,512,0,0,2097152,0,0,0,2097152,262144,2359296,0.0,-12.5,48845875,49584
random,0,raw,1,0,1350007a99f9ddf6948ae5a34386c3dd25acbce4c5743e45f35ccfd889a72a66,64,262144,512,0,2097152,512,0,0,512,0,0,2097152,0,0,0,2097152,0,2097152,0.0,0.0,21250,48709
random,0,zlib,1,0,1350007a99f9ddf6948ae5a34386c3dd25acbce4c5743e45f35ccfd889a72a66,64,262144,512,0,2097152,512,0,0,512,0,0,2097152,0,0,0,2097152,0,2097152,0.0,0.0,36893959,48916
random,0,dedup_zlib,1,0,1350007a99f9ddf6948ae5a34386c3dd25acbce4c5743e45f35ccfd889a72a66,64,262144,512,0,2097152,512,0,0,512,0,0,2097152,0,20480,0,2117632,0,2117632,-0.9766,-0.9766,38401500,48458
random,0,delta,1,0,1350007a99f9ddf6948ae5a34386c3dd25acbce4c5743e45f35ccfd889a72a66,64,262144,512,0,2097152,512,0,0,512,0,0,2097152,0,0,0,2097152,262144,2359296,0.0,-12.5,10263959,48583
random,0,min_page,1,0,1350007a99f9ddf6948ae5a34386c3dd25acbce4c5743e45f35ccfd889a72a66,64,262144,512,0,2097152,512,0,0,512,0,0,2097152,0,0,0,2097152,262144,2359296,0.0,-12.5,47693750,48208
random,0,raw,2,0,1350007a99f9ddf6948ae5a34386c3dd25acbce4c5743e45f35ccfd889a72a66,64,262144,512,0,2097152,512,0,0,512,0,0,2097152,0,0,0,2097152,0,2097152,0.0,0.0,21834,48333
random,0,zlib,2,0,1350007a99f9ddf6948ae5a34386c3dd25acbce4c5743e45f35ccfd889a72a66,64,262144,512,0,2097152,512,0,0,512,0,0,2097152,0,0,0,2097152,0,2097152,0.0,0.0,36672625,48417
random,0,dedup_zlib,2,0,1350007a99f9ddf6948ae5a34386c3dd25acbce4c5743e45f35ccfd889a72a66,64,262144,512,0,2097152,512,0,0,512,0,0,2097152,0,20480,0,2117632,0,2117632,-0.9766,-0.9766,38319167,48583
random,0,delta,2,0,1350007a99f9ddf6948ae5a34386c3dd25acbce4c5743e45f35ccfd889a72a66,64,262144,512,0,2097152,512,0,0,512,0,0,2097152,0,0,0,2097152,262144,2359296,0.0,-12.5,10289834,48541
random,0,min_page,2,0,1350007a99f9ddf6948ae5a34386c3dd25acbce4c5743e45f35ccfd889a72a66,64,262144,512,0,2097152,512,0,0,512,0,0,2097152,0,0,0,2097152,262144,2359296,0.0,-12.5,47716541,58167
random,1,raw,0,0,eb182b5f1e69447b5d123c8cdb49f22f35f75cfbc2b6ddac984ece19e74bfc8b,64,262144,512,0,2097152,512,0,0,512,0,0,2097152,0,0,0,2097152,0,2097152,0.0,0.0,24417,327208
random,1,zlib,0,0,eb182b5f1e69447b5d123c8cdb49f22f35f75cfbc2b6ddac984ece19e74bfc8b,64,262144,512,0,2097152,512,0,0,512,0,0,2097152,0,0,0,2097152,0,2097152,0.0,0.0,36809875,48167
random,1,dedup_zlib,0,0,eb182b5f1e69447b5d123c8cdb49f22f35f75cfbc2b6ddac984ece19e74bfc8b,64,262144,512,0,2097152,512,0,0,512,0,0,2097152,0,20480,0,2117632,0,2117632,-0.9766,-0.9766,37787416,47459
random,1,delta,0,0,eb182b5f1e69447b5d123c8cdb49f22f35f75cfbc2b6ddac984ece19e74bfc8b,64,262144,512,0,2097152,512,0,0,512,0,0,2097152,0,0,0,2097152,262144,2359296,0.0,-12.5,10441416,48125
random,1,min_page,0,0,eb182b5f1e69447b5d123c8cdb49f22f35f75cfbc2b6ddac984ece19e74bfc8b,64,262144,512,0,2097152,512,0,0,512,0,0,2097152,0,0,0,2097152,262144,2359296,0.0,-12.5,47261208,47042
random,1,raw,1,0,eb182b5f1e69447b5d123c8cdb49f22f35f75cfbc2b6ddac984ece19e74bfc8b,64,262144,512,0,2097152,512,0,0,512,0,0,2097152,0,0,0,2097152,0,2097152,0.0,0.0,22583,47042
random,1,zlib,1,0,eb182b5f1e69447b5d123c8cdb49f22f35f75cfbc2b6ddac984ece19e74bfc8b,64,262144,512,0,2097152,512,0,0,512,0,0,2097152,0,0,0,2097152,0,2097152,0.0,0.0,35972625,52583
random,1,dedup_zlib,1,0,eb182b5f1e69447b5d123c8cdb49f22f35f75cfbc2b6ddac984ece19e74bfc8b,64,262144,512,0,2097152,512,0,0,512,0,0,2097152,0,20480,0,2117632,0,2117632,-0.9766,-0.9766,37574167,47333
random,1,delta,1,0,eb182b5f1e69447b5d123c8cdb49f22f35f75cfbc2b6ddac984ece19e74bfc8b,64,262144,512,0,2097152,512,0,0,512,0,0,2097152,0,0,0,2097152,262144,2359296,0.0,-12.5,10453625,46791
random,1,min_page,1,0,eb182b5f1e69447b5d123c8cdb49f22f35f75cfbc2b6ddac984ece19e74bfc8b,64,262144,512,0,2097152,512,0,0,512,0,0,2097152,0,0,0,2097152,262144,2359296,0.0,-12.5,47253334,47291
random,1,raw,2,0,eb182b5f1e69447b5d123c8cdb49f22f35f75cfbc2b6ddac984ece19e74bfc8b,64,262144,512,0,2097152,512,0,0,512,0,0,2097152,0,0,0,2097152,0,2097152,0.0,0.0,22500,47417
random,1,zlib,2,0,eb182b5f1e69447b5d123c8cdb49f22f35f75cfbc2b6ddac984ece19e74bfc8b,64,262144,512,0,2097152,512,0,0,512,0,0,2097152,0,0,0,2097152,0,2097152,0.0,0.0,36900459,67916
random,1,dedup_zlib,2,0,eb182b5f1e69447b5d123c8cdb49f22f35f75cfbc2b6ddac984ece19e74bfc8b,64,262144,512,0,2097152,512,0,0,512,0,0,2097152,0,20480,0,2117632,0,2117632,-0.9766,-0.9766,37924208,47667
random,1,delta,2,0,eb182b5f1e69447b5d123c8cdb49f22f35f75cfbc2b6ddac984ece19e74bfc8b,64,262144,512,0,2097152,512,0,0,512,0,0,2097152,0,0,0,2097152,262144,2359296,0.0,-12.5,10483208,47125
random,1,min_page,2,0,eb182b5f1e69447b5d123c8cdb49f22f35f75cfbc2b6ddac984ece19e74bfc8b,64,262144,512,0,2097152,512,0,0,512,0,0,2097152,0,0,0,2097152,262144,2359296,0.0,-12.5,46706458,46709
random,2,raw,0,0,c005f6d39e666c20d79c29fd0f958820ba00c81f3f2cf0fe786659eea14db35a,64,262144,512,0,2097152,512,0,0,512,0,0,2097152,0,0,0,2097152,0,2097152,0.0,0.0,24375,68083
random,2,zlib,0,0,c005f6d39e666c20d79c29fd0f958820ba00c81f3f2cf0fe786659eea14db35a,64,262144,512,0,2097152,512,0,0,512,0,0,2097152,0,0,0,2097152,0,2097152,0.0,0.0,36505416,48667
random,2,dedup_zlib,0,0,c005f6d39e666c20d79c29fd0f958820ba00c81f3f2cf0fe786659eea14db35a,64,262144,512,0,2097152,512,0,0,512,0,0,2097152,0,20480,0,2117632,0,2117632,-0.9766,-0.9766,37641833,48792
random,2,delta,0,0,c005f6d39e666c20d79c29fd0f958820ba00c81f3f2cf0fe786659eea14db35a,64,262144,512,0,2097152,512,0,0,512,0,0,2097152,0,0,0,2097152,262144,2359296,0.0,-12.5,10453417,48375
random,2,min_page,0,0,c005f6d39e666c20d79c29fd0f958820ba00c81f3f2cf0fe786659eea14db35a,64,262144,512,0,2097152,512,0,0,512,0,0,2097152,0,0,0,2097152,262144,2359296,0.0,-12.5,47141667,48166
random,2,raw,1,0,c005f6d39e666c20d79c29fd0f958820ba00c81f3f2cf0fe786659eea14db35a,64,262144,512,0,2097152,512,0,0,512,0,0,2097152,0,0,0,2097152,0,2097152,0.0,0.0,22334,48375
random,2,zlib,1,0,c005f6d39e666c20d79c29fd0f958820ba00c81f3f2cf0fe786659eea14db35a,64,262144,512,0,2097152,512,0,0,512,0,0,2097152,0,0,0,2097152,0,2097152,0.0,0.0,35872166,48625
random,2,dedup_zlib,1,0,c005f6d39e666c20d79c29fd0f958820ba00c81f3f2cf0fe786659eea14db35a,64,262144,512,0,2097152,512,0,0,512,0,0,2097152,0,20480,0,2117632,0,2117632,-0.9766,-0.9766,37432125,47750
random,2,delta,1,0,c005f6d39e666c20d79c29fd0f958820ba00c81f3f2cf0fe786659eea14db35a,64,262144,512,0,2097152,512,0,0,512,0,0,2097152,0,0,0,2097152,262144,2359296,0.0,-12.5,10419375,56000
random,2,min_page,1,0,c005f6d39e666c20d79c29fd0f958820ba00c81f3f2cf0fe786659eea14db35a,64,262144,512,0,2097152,512,0,0,512,0,0,2097152,0,0,0,2097152,262144,2359296,0.0,-12.5,47240166,116792
random,2,raw,2,0,c005f6d39e666c20d79c29fd0f958820ba00c81f3f2cf0fe786659eea14db35a,64,262144,512,0,2097152,512,0,0,512,0,0,2097152,0,0,0,2097152,0,2097152,0.0,0.0,23375,48500
random,2,zlib,2,0,c005f6d39e666c20d79c29fd0f958820ba00c81f3f2cf0fe786659eea14db35a,64,262144,512,0,2097152,512,0,0,512,0,0,2097152,0,0,0,2097152,0,2097152,0.0,0.0,36578000,85875
random,2,dedup_zlib,2,0,c005f6d39e666c20d79c29fd0f958820ba00c81f3f2cf0fe786659eea14db35a,64,262144,512,0,2097152,512,0,0,512,0,0,2097152,0,20480,0,2117632,0,2117632,-0.9766,-0.9766,38281250,55625
random,2,delta,2,0,c005f6d39e666c20d79c29fd0f958820ba00c81f3f2cf0fe786659eea14db35a,64,262144,512,0,2097152,512,0,0,512,0,0,2097152,0,0,0,2097152,262144,2359296,0.0,-12.5,10854042,53667
random,2,min_page,2,0,c005f6d39e666c20d79c29fd0f958820ba00c81f3f2cf0fe786659eea14db35a,64,262144,512,0,2097152,512,0,0,512,0,0,2097152,0,0,0,2097152,262144,2359296,0.0,-12.5,48976833,106125
random,3,raw,0,0,dfc76acf81e001d27a54f1d21070967436bb5d256500c628730e343614e6efce,64,262144,512,0,2097152,512,0,0,512,0,0,2097152,0,0,0,2097152,0,2097152,0.0,0.0,25458,67250
random,3,zlib,0,0,dfc76acf81e001d27a54f1d21070967436bb5d256500c628730e343614e6efce,64,262144,512,0,2097152,512,0,0,512,0,0,2097152,0,0,0,2097152,0,2097152,0.0,0.0,37272209,66083
random,3,dedup_zlib,0,0,dfc76acf81e001d27a54f1d21070967436bb5d256500c628730e343614e6efce,64,262144,512,0,2097152,512,0,0,512,0,0,2097152,0,20480,0,2117632,0,2117632,-0.9766,-0.9766,37554500,60667
random,3,delta,0,0,dfc76acf81e001d27a54f1d21070967436bb5d256500c628730e343614e6efce,64,262144,512,0,2097152,512,0,0,512,0,0,2097152,0,0,0,2097152,262144,2359296,0.0,-12.5,11295750,87208
random,3,min_page,0,0,dfc76acf81e001d27a54f1d21070967436bb5d256500c628730e343614e6efce,64,262144,512,0,2097152,512,0,0,512,0,0,2097152,0,0,0,2097152,262144,2359296,0.0,-12.5,47894083,84542
random,3,raw,1,0,dfc76acf81e001d27a54f1d21070967436bb5d256500c628730e343614e6efce,64,262144,512,0,2097152,512,0,0,512,0,0,2097152,0,0,0,2097152,0,2097152,0.0,0.0,22958,47667
random,3,zlib,1,0,dfc76acf81e001d27a54f1d21070967436bb5d256500c628730e343614e6efce,64,262144,512,0,2097152,512,0,0,512,0,0,2097152,0,0,0,2097152,0,2097152,0.0,0.0,36937833,90209
random,3,dedup_zlib,1,0,dfc76acf81e001d27a54f1d21070967436bb5d256500c628730e343614e6efce,64,262144,512,0,2097152,512,0,0,512,0,0,2097152,0,20480,0,2117632,0,2117632,-0.9766,-0.9766,38877875,55708
random,3,delta,1,0,dfc76acf81e001d27a54f1d21070967436bb5d256500c628730e343614e6efce,64,262144,512,0,2097152,512,0,0,512,0,0,2097152,0,0,0,2097152,262144,2359296,0.0,-12.5,10382750,58958
random,3,min_page,1,0,dfc76acf81e001d27a54f1d21070967436bb5d256500c628730e343614e6efce,64,262144,512,0,2097152,512,0,0,512,0,0,2097152,0,0,0,2097152,262144,2359296,0.0,-12.5,47983708,61750
random,3,raw,2,0,dfc76acf81e001d27a54f1d21070967436bb5d256500c628730e343614e6efce,64,262144,512,0,2097152,512,0,0,512,0,0,2097152,0,0,0,2097152,0,2097152,0.0,0.0,22500,48000
random,3,zlib,2,0,dfc76acf81e001d27a54f1d21070967436bb5d256500c628730e343614e6efce,64,262144,512,0,2097152,512,0,0,512,0,0,2097152,0,0,0,2097152,0,2097152,0.0,0.0,36110584,49666
random,3,dedup_zlib,2,0,dfc76acf81e001d27a54f1d21070967436bb5d256500c628730e343614e6efce,64,262144,512,0,2097152,512,0,0,512,0,0,2097152,0,20480,0,2117632,0,2117632,-0.9766,-0.9766,37482083,48500
random,3,delta,2,0,dfc76acf81e001d27a54f1d21070967436bb5d256500c628730e343614e6efce,64,262144,512,0,2097152,512,0,0,512,0,0,2097152,0,0,0,2097152,262144,2359296,0.0,-12.5,10477000,47500
random,3,min_page,2,0,dfc76acf81e001d27a54f1d21070967436bb5d256500c628730e343614e6efce,64,262144,512,0,2097152,512,0,0,512,0,0,2097152,0,0,0,2097152,262144,2359296,0.0,-12.5,47312042,64333
random,4,raw,0,0,f7dcf73500cd2f53f22103395d257c177811703169829cee2f97fefeccf8cb06,64,262144,512,0,2097152,512,0,0,512,0,0,2097152,0,0,0,2097152,0,2097152,0.0,0.0,24000,68917
random,4,zlib,0,0,f7dcf73500cd2f53f22103395d257c177811703169829cee2f97fefeccf8cb06,64,262144,512,0,2097152,512,0,0,512,0,0,2097152,0,0,0,2097152,0,2097152,0.0,0.0,36299833,47917
random,4,dedup_zlib,0,0,f7dcf73500cd2f53f22103395d257c177811703169829cee2f97fefeccf8cb06,64,262144,512,0,2097152,512,0,0,512,0,0,2097152,0,20480,0,2117632,0,2117632,-0.9766,-0.9766,37570500,48750
random,4,delta,0,0,f7dcf73500cd2f53f22103395d257c177811703169829cee2f97fefeccf8cb06,64,262144,512,0,2097152,512,0,0,512,0,0,2097152,0,0,0,2097152,262144,2359296,0.0,-12.5,10538250,47666
random,4,min_page,0,0,f7dcf73500cd2f53f22103395d257c177811703169829cee2f97fefeccf8cb06,64,262144,512,0,2097152,512,0,0,512,0,0,2097152,0,0,0,2097152,262144,2359296,0.0,-12.5,47821834,60875
random,4,raw,1,0,f7dcf73500cd2f53f22103395d257c177811703169829cee2f97fefeccf8cb06,64,262144,512,0,2097152,512,0,0,512,0,0,2097152,0,0,0,2097152,0,2097152,0.0,0.0,23000,47625
random,4,zlib,1,0,f7dcf73500cd2f53f22103395d257c177811703169829cee2f97fefeccf8cb06,64,262144,512,0,2097152,512,0,0,512,0,0,2097152,0,0,0,2097152,0,2097152,0.0,0.0,36304041,99250
random,4,dedup_zlib,1,0,f7dcf73500cd2f53f22103395d257c177811703169829cee2f97fefeccf8cb06,64,262144,512,0,2097152,512,0,0,512,0,0,2097152,0,20480,0,2117632,0,2117632,-0.9766,-0.9766,38205084,55041
random,4,delta,1,0,f7dcf73500cd2f53f22103395d257c177811703169829cee2f97fefeccf8cb06,64,262144,512,0,2097152,512,0,0,512,0,0,2097152,0,0,0,2097152,262144,2359296,0.0,-12.5,10970250,59875
random,4,min_page,1,0,f7dcf73500cd2f53f22103395d257c177811703169829cee2f97fefeccf8cb06,64,262144,512,0,2097152,512,0,0,512,0,0,2097152,0,0,0,2097152,262144,2359296,0.0,-12.5,47918500,54834
random,4,raw,2,0,f7dcf73500cd2f53f22103395d257c177811703169829cee2f97fefeccf8cb06,64,262144,512,0,2097152,512,0,0,512,0,0,2097152,0,0,0,2097152,0,2097152,0.0,0.0,22083,47667
random,4,zlib,2,0,f7dcf73500cd2f53f22103395d257c177811703169829cee2f97fefeccf8cb06,64,262144,512,0,2097152,512,0,0,512,0,0,2097152,0,0,0,2097152,0,2097152,0.0,0.0,37249375,55917
random,4,dedup_zlib,2,0,f7dcf73500cd2f53f22103395d257c177811703169829cee2f97fefeccf8cb06,64,262144,512,0,2097152,512,0,0,512,0,0,2097152,0,20480,0,2117632,0,2117632,-0.9766,-0.9766,38461041,52167
random,4,delta,2,0,f7dcf73500cd2f53f22103395d257c177811703169829cee2f97fefeccf8cb06,64,262144,512,0,2097152,512,0,0,512,0,0,2097152,0,0,0,2097152,262144,2359296,0.0,-12.5,10958042,47791
random,4,min_page,2,0,f7dcf73500cd2f53f22103395d257c177811703169829cee2f97fefeccf8cb06,64,262144,512,0,2097152,512,0,0,512,0,0,2097152,0,0,0,2097152,262144,2359296,0.0,-12.5,47910416,52292
random,5,raw,0,0,e05ec27b077e20c8b72e60aa44cad0157f4736c1a6dd04d12b09e4bf18f2dbcd,64,262144,512,0,2097152,512,0,0,512,0,0,2097152,0,0,0,2097152,0,2097152,0.0,0.0,25042,67625
random,5,zlib,0,0,e05ec27b077e20c8b72e60aa44cad0157f4736c1a6dd04d12b09e4bf18f2dbcd,64,262144,512,0,2097152,512,0,0,512,0,0,2097152,0,0,0,2097152,0,2097152,0.0,0.0,36901042,48542
random,5,dedup_zlib,0,0,e05ec27b077e20c8b72e60aa44cad0157f4736c1a6dd04d12b09e4bf18f2dbcd,64,262144,512,0,2097152,512,0,0,512,0,0,2097152,0,20480,0,2117632,0,2117632,-0.9766,-0.9766,37773125,48709
random,5,delta,0,0,e05ec27b077e20c8b72e60aa44cad0157f4736c1a6dd04d12b09e4bf18f2dbcd,64,262144,512,0,2097152,512,0,0,512,0,0,2097152,0,0,0,2097152,262144,2359296,0.0,-12.5,10574084,49000
random,5,min_page,0,0,e05ec27b077e20c8b72e60aa44cad0157f4736c1a6dd04d12b09e4bf18f2dbcd,64,262144,512,0,2097152,512,0,0,512,0,0,2097152,0,0,0,2097152,262144,2359296,0.0,-12.5,47388875,95333
random,5,raw,1,0,e05ec27b077e20c8b72e60aa44cad0157f4736c1a6dd04d12b09e4bf18f2dbcd,64,262144,512,0,2097152,512,0,0,512,0,0,2097152,0,0,0,2097152,0,2097152,0.0,0.0,22708,48625
random,5,zlib,1,0,e05ec27b077e20c8b72e60aa44cad0157f4736c1a6dd04d12b09e4bf18f2dbcd,64,262144,512,0,2097152,512,0,0,512,0,0,2097152,0,0,0,2097152,0,2097152,0.0,0.0,36112375,55541
random,5,dedup_zlib,1,0,e05ec27b077e20c8b72e60aa44cad0157f4736c1a6dd04d12b09e4bf18f2dbcd,64,262144,512,0,2097152,512,0,0,512,0,0,2097152,0,20480,0,2117632,0,2117632,-0.9766,-0.9766,37381500,49000
random,5,delta,1,0,e05ec27b077e20c8b72e60aa44cad0157f4736c1a6dd04d12b09e4bf18f2dbcd,64,262144,512,0,2097152,512,0,0,512,0,0,2097152,0,0,0,2097152,262144,2359296,0.0,-12.5,10663375,50292
random,5,min_page,1,0,e05ec27b077e20c8b72e60aa44cad0157f4736c1a6dd04d12b09e4bf18f2dbcd,64,262144,512,0,2097152,512,0,0,512,0,0,2097152,0,0,0,2097152,262144,2359296,0.0,-12.5,47700375,48833
random,5,raw,2,0,e05ec27b077e20c8b72e60aa44cad0157f4736c1a6dd04d12b09e4bf18f2dbcd,64,262144,512,0,2097152,512,0,0,512,0,0,2097152,0,0,0,2097152,0,2097152,0.0,0.0,21958,47167
random,5,zlib,2,0,e05ec27b077e20c8b72e60aa44cad0157f4736c1a6dd04d12b09e4bf18f2dbcd,64,262144,512,0,2097152,512,0,0,512,0,0,2097152,0,0,0,2097152,0,2097152,0.0,0.0,36714500,52833
random,5,dedup_zlib,2,0,e05ec27b077e20c8b72e60aa44cad0157f4736c1a6dd04d12b09e4bf18f2dbcd,64,262144,512,0,2097152,512,0,0,512,0,0,2097152,0,20480,0,2117632,0,2117632,-0.9766,-0.9766,37862542,47166
random,5,delta,2,0,e05ec27b077e20c8b72e60aa44cad0157f4736c1a6dd04d12b09e4bf18f2dbcd,64,262144,512,0,2097152,512,0,0,512,0,0,2097152,0,0,0,2097152,262144,2359296,0.0,-12.5,10437708,47875
random,5,min_page,2,0,e05ec27b077e20c8b72e60aa44cad0157f4736c1a6dd04d12b09e4bf18f2dbcd,64,262144,512,0,2097152,512,0,0,512,0,0,2097152,0,0,0,2097152,262144,2359296,0.0,-12.5,47165666,48334
random,6,raw,0,0,74454850e8397b5208e50a7811a8928ecedda5f639081ec1390690ba28ae2d31,64,262144,512,0,2097152,512,0,0,512,0,0,2097152,0,0,0,2097152,0,2097152,0.0,0.0,22542,67875
random,6,zlib,0,0,74454850e8397b5208e50a7811a8928ecedda5f639081ec1390690ba28ae2d31,64,262144,512,0,2097152,512,0,0,512,0,0,2097152,0,0,0,2097152,0,2097152,0.0,0.0,36406042,84708
random,6,dedup_zlib,0,0,74454850e8397b5208e50a7811a8928ecedda5f639081ec1390690ba28ae2d31,64,262144,512,0,2097152,512,0,0,512,0,0,2097152,0,20480,0,2117632,0,2117632,-0.9766,-0.9766,38422875,56625
random,6,delta,0,0,74454850e8397b5208e50a7811a8928ecedda5f639081ec1390690ba28ae2d31,64,262144,512,0,2097152,512,0,0,512,0,0,2097152,0,0,0,2097152,262144,2359296,0.0,-12.5,10740542,48166
random,6,min_page,0,0,74454850e8397b5208e50a7811a8928ecedda5f639081ec1390690ba28ae2d31,64,262144,512,0,2097152,512,0,0,512,0,0,2097152,0,0,0,2097152,262144,2359296,0.0,-12.5,48326458,97708
random,6,raw,1,0,74454850e8397b5208e50a7811a8928ecedda5f639081ec1390690ba28ae2d31,64,262144,512,0,2097152,512,0,0,512,0,0,2097152,0,0,0,2097152,0,2097152,0.0,0.0,22875,48625
random,6,zlib,1,0,74454850e8397b5208e50a7811a8928ecedda5f639081ec1390690ba28ae2d31,64,262144,512,0,2097152,512,0,0,512,0,0,2097152,0,0,0,2097152,0,2097152,0.0,0.0,36857208,95500
random,6,dedup_zlib,1,0,74454850e8397b5208e50a7811a8928ecedda5f639081ec1390690ba28ae2d31,64,262144,512,0,2097152,512,0,0,512,0,0,2097152,0,20480,0,2117632,0,2117632,-0.9766,-0.9766,38645125,59167
random,6,delta,1,0,74454850e8397b5208e50a7811a8928ecedda5f639081ec1390690ba28ae2d31,64,262144,512,0,2097152,512,0,0,512,0,0,2097152,0,0,0,2097152,262144,2359296,0.0,-12.5,10827791,56167
random,6,min_page,1,0,74454850e8397b5208e50a7811a8928ecedda5f639081ec1390690ba28ae2d31,64,262144,512,0,2097152,512,0,0,512,0,0,2097152,0,0,0,2097152,262144,2359296,0.0,-12.5,48479875,87792
random,6,raw,2,0,74454850e8397b5208e50a7811a8928ecedda5f639081ec1390690ba28ae2d31,64,262144,512,0,2097152,512,0,0,512,0,0,2097152,0,0,0,2097152,0,2097152,0.0,0.0,22334,49041
random,6,zlib,2,0,74454850e8397b5208e50a7811a8928ecedda5f639081ec1390690ba28ae2d31,64,262144,512,0,2097152,512,0,0,512,0,0,2097152,0,0,0,2097152,0,2097152,0.0,0.0,36580417,67500
random,6,dedup_zlib,2,0,74454850e8397b5208e50a7811a8928ecedda5f639081ec1390690ba28ae2d31,64,262144,512,0,2097152,512,0,0,512,0,0,2097152,0,20480,0,2117632,0,2117632,-0.9766,-0.9766,38567084,55625
random,6,delta,2,0,74454850e8397b5208e50a7811a8928ecedda5f639081ec1390690ba28ae2d31,64,262144,512,0,2097152,512,0,0,512,0,0,2097152,0,0,0,2097152,262144,2359296,0.0,-12.5,10533750,50917
random,6,min_page,2,0,74454850e8397b5208e50a7811a8928ecedda5f639081ec1390690ba28ae2d31,64,262144,512,0,2097152,512,0,0,512,0,0,2097152,0,0,0,2097152,262144,2359296,0.0,-12.5,48406167,112041
random,7,raw,0,0,0037e913d74962187b04cbd48b4dc7638e664320dcd5fc1377479d4e3de965eb,64,262144,512,0,2097152,512,0,0,512,0,0,2097152,0,0,0,2097152,0,2097152,0.0,0.0,26666,68209
random,7,zlib,0,0,0037e913d74962187b04cbd48b4dc7638e664320dcd5fc1377479d4e3de965eb,64,262144,512,0,2097152,512,0,0,512,0,0,2097152,0,0,0,2097152,0,2097152,0.0,0.0,37479833,80125
random,7,dedup_zlib,0,0,0037e913d74962187b04cbd48b4dc7638e664320dcd5fc1377479d4e3de965eb,64,262144,512,0,2097152,512,0,0,512,0,0,2097152,0,20480,0,2117632,0,2117632,-0.9766,-0.9766,39172917,57208
random,7,delta,0,0,0037e913d74962187b04cbd48b4dc7638e664320dcd5fc1377479d4e3de965eb,64,262144,512,0,2097152,512,0,0,512,0,0,2097152,0,0,0,2097152,262144,2359296,0.0,-12.5,10440166,55417
random,7,min_page,0,0,0037e913d74962187b04cbd48b4dc7638e664320dcd5fc1377479d4e3de965eb,64,262144,512,0,2097152,512,0,0,512,0,0,2097152,0,0,0,2097152,262144,2359296,0.0,-12.5,48430791,67167
random,7,raw,1,0,0037e913d74962187b04cbd48b4dc7638e664320dcd5fc1377479d4e3de965eb,64,262144,512,0,2097152,512,0,0,512,0,0,2097152,0,0,0,2097152,0,2097152,0.0,0.0,21708,48083
random,7,zlib,1,0,0037e913d74962187b04cbd48b4dc7638e664320dcd5fc1377479d4e3de965eb,64,262144,512,0,2097152,512,0,0,512,0,0,2097152,0,0,0,2097152,0,2097152,0.0,0.0,37593084,105375
random,7,dedup_zlib,1,0,0037e913d74962187b04cbd48b4dc7638e664320dcd5fc1377479d4e3de965eb,64,262144,512,0,2097152,512,0,0,512,0,0,2097152,0,20480,0,2117632,0,2117632,-0.9766,-0.9766,38668875,53542
random,7,delta,1,0,0037e913d74962187b04cbd48b4dc7638e664320dcd5fc1377479d4e3de965eb,64,262144,512,0,2097152,512,0,0,512,0,0,2097152,0,0,0,2097152,262144,2359296,0.0,-12.5,10683791,51542
random,7,min_page,1,0,0037e913d74962187b04cbd48b4dc7638e664320dcd5fc1377479d4e3de965eb,64,262144,512,0,2097152,512,0,0,512,0,0,2097152,0,0,0,2097152,262144,2359296,0.0,-12.5,47699667,63166
random,7,raw,2,0,0037e913d74962187b04cbd48b4dc7638e664320dcd5fc1377479d4e3de965eb,64,262144,512,0,2097152,512,0,0,512,0,0,2097152,0,0,0,2097152,0,2097152,0.0,0.0,22500,48125
random,7,zlib,2,0,0037e913d74962187b04cbd48b4dc7638e664320dcd5fc1377479d4e3de965eb,64,262144,512,0,2097152,512,0,0,512,0,0,2097152,0,0,0,2097152,0,2097152,0.0,0.0,36976542,50375
random,7,dedup_zlib,2,0,0037e913d74962187b04cbd48b4dc7638e664320dcd5fc1377479d4e3de965eb,64,262144,512,0,2097152,512,0,0,512,0,0,2097152,0,20480,0,2117632,0,2117632,-0.9766,-0.9766,38608292,49375
random,7,delta,2,0,0037e913d74962187b04cbd48b4dc7638e664320dcd5fc1377479d4e3de965eb,64,262144,512,0,2097152,512,0,0,512,0,0,2097152,0,0,0,2097152,262144,2359296,0.0,-12.5,10533459,47833
random,7,min_page,2,0,0037e913d74962187b04cbd48b4dc7638e664320dcd5fc1377479d4e3de965eb,64,262144,512,0,2097152,512,0,0,512,0,0,2097152,0,0,0,2097152,262144,2359296,0.0,-12.5,48618125,48250
random,8,raw,0,0,0a3bae94834559ecdfa48f9fc3401c81e47386bbcd3a72dec0a9a100c4a222aa,64,262144,512,0,2097152,512,0,0,512,0,0,2097152,0,0,0,2097152,0,2097152,0.0,0.0,23416,69167
random,8,zlib,0,0,0a3bae94834559ecdfa48f9fc3401c81e47386bbcd3a72dec0a9a100c4a222aa,64,262144,512,0,2097152,512,0,0,512,0,0,2097152,0,0,0,2097152,0,2097152,0.0,0.0,37268583,49708
random,8,dedup_zlib,0,0,0a3bae94834559ecdfa48f9fc3401c81e47386bbcd3a72dec0a9a100c4a222aa,64,262144,512,0,2097152,512,0,0,512,0,0,2097152,0,20480,0,2117632,0,2117632,-0.9766,-0.9766,38527708,48959
random,8,delta,0,0,0a3bae94834559ecdfa48f9fc3401c81e47386bbcd3a72dec0a9a100c4a222aa,64,262144,512,0,2097152,512,0,0,512,0,0,2097152,0,0,0,2097152,262144,2359296,0.0,-12.5,10443584,48875
random,8,min_page,0,0,0a3bae94834559ecdfa48f9fc3401c81e47386bbcd3a72dec0a9a100c4a222aa,64,262144,512,0,2097152,512,0,0,512,0,0,2097152,0,0,0,2097152,262144,2359296,0.0,-12.5,48464541,94334
random,8,raw,1,0,0a3bae94834559ecdfa48f9fc3401c81e47386bbcd3a72dec0a9a100c4a222aa,64,262144,512,0,2097152,512,0,0,512,0,0,2097152,0,0,0,2097152,0,2097152,0.0,0.0,22625,49125
random,8,zlib,1,0,0a3bae94834559ecdfa48f9fc3401c81e47386bbcd3a72dec0a9a100c4a222aa,64,262144,512,0,2097152,512,0,0,512,0,0,2097152,0,0,0,2097152,0,2097152,0.0,0.0,37005625,49917
random,8,dedup_zlib,1,0,0a3bae94834559ecdfa48f9fc3401c81e47386bbcd3a72dec0a9a100c4a222aa,64,262144,512,0,2097152,512,0,0,512,0,0,2097152,0,20480,0,2117632,0,2117632,-0.9766,-0.9766,38498208,48417
random,8,delta,1,0,0a3bae94834559ecdfa48f9fc3401c81e47386bbcd3a72dec0a9a100c4a222aa,64,262144,512,0,2097152,512,0,0,512,0,0,2097152,0,0,0,2097152,262144,2359296,0.0,-12.5,10420125,48375
random,8,min_page,1,0,0a3bae94834559ecdfa48f9fc3401c81e47386bbcd3a72dec0a9a100c4a222aa,64,262144,512,0,2097152,512,0,0,512,0,0,2097152,0,0,0,2097152,262144,2359296,0.0,-12.5,48686250,56542
random,8,raw,2,0,0a3bae94834559ecdfa48f9fc3401c81e47386bbcd3a72dec0a9a100c4a222aa,64,262144,512,0,2097152,512,0,0,512,0,0,2097152,0,0,0,2097152,0,2097152,0.0,0.0,23084,48833
random,8,zlib,2,0,0a3bae94834559ecdfa48f9fc3401c81e47386bbcd3a72dec0a9a100c4a222aa,64,262144,512,0,2097152,512,0,0,512,0,0,2097152,0,0,0,2097152,0,2097152,0.0,0.0,36471542,47833
random,8,dedup_zlib,2,0,0a3bae94834559ecdfa48f9fc3401c81e47386bbcd3a72dec0a9a100c4a222aa,64,262144,512,0,2097152,512,0,0,512,0,0,2097152,0,20480,0,2117632,0,2117632,-0.9766,-0.9766,37316541,48875
random,8,delta,2,0,0a3bae94834559ecdfa48f9fc3401c81e47386bbcd3a72dec0a9a100c4a222aa,64,262144,512,0,2097152,512,0,0,512,0,0,2097152,0,0,0,2097152,262144,2359296,0.0,-12.5,10697083,48084
random,8,min_page,2,0,0a3bae94834559ecdfa48f9fc3401c81e47386bbcd3a72dec0a9a100c4a222aa,64,262144,512,0,2097152,512,0,0,512,0,0,2097152,0,0,0,2097152,262144,2359296,0.0,-12.5,47044709,47458
random,9,raw,0,0,63c2889836d7873362277e132ecc2386471cce92c0758a770a7d6e33cee7a3f0,64,262144,512,0,2097152,512,0,0,512,0,0,2097152,0,0,0,2097152,0,2097152,0.0,0.0,22500,65583
random,9,zlib,0,0,63c2889836d7873362277e132ecc2386471cce92c0758a770a7d6e33cee7a3f0,64,262144,512,0,2097152,512,0,0,512,0,0,2097152,0,0,0,2097152,0,2097152,0.0,0.0,36209500,47750
random,9,dedup_zlib,0,0,63c2889836d7873362277e132ecc2386471cce92c0758a770a7d6e33cee7a3f0,64,262144,512,0,2097152,512,0,0,512,0,0,2097152,0,20480,0,2117632,0,2117632,-0.9766,-0.9766,37468041,48167
random,9,delta,0,0,63c2889836d7873362277e132ecc2386471cce92c0758a770a7d6e33cee7a3f0,64,262144,512,0,2097152,512,0,0,512,0,0,2097152,0,0,0,2097152,262144,2359296,0.0,-12.5,10583167,48250
random,9,min_page,0,0,63c2889836d7873362277e132ecc2386471cce92c0758a770a7d6e33cee7a3f0,64,262144,512,0,2097152,512,0,0,512,0,0,2097152,0,0,0,2097152,262144,2359296,0.0,-12.5,47288583,96000
random,9,raw,1,0,63c2889836d7873362277e132ecc2386471cce92c0758a770a7d6e33cee7a3f0,64,262144,512,0,2097152,512,0,0,512,0,0,2097152,0,0,0,2097152,0,2097152,0.0,0.0,21834,47500
random,9,zlib,1,0,63c2889836d7873362277e132ecc2386471cce92c0758a770a7d6e33cee7a3f0,64,262144,512,0,2097152,512,0,0,512,0,0,2097152,0,0,0,2097152,0,2097152,0.0,0.0,35872416,47500
random,9,dedup_zlib,1,0,63c2889836d7873362277e132ecc2386471cce92c0758a770a7d6e33cee7a3f0,64,262144,512,0,2097152,512,0,0,512,0,0,2097152,0,20480,0,2117632,0,2117632,-0.9766,-0.9766,37437583,47625
random,9,delta,1,0,63c2889836d7873362277e132ecc2386471cce92c0758a770a7d6e33cee7a3f0,64,262144,512,0,2097152,512,0,0,512,0,0,2097152,0,0,0,2097152,262144,2359296,0.0,-12.5,10654250,47542
random,9,min_page,1,0,63c2889836d7873362277e132ecc2386471cce92c0758a770a7d6e33cee7a3f0,64,262144,512,0,2097152,512,0,0,512,0,0,2097152,0,0,0,2097152,262144,2359296,0.0,-12.5,46796959,48125
random,9,raw,2,0,63c2889836d7873362277e132ecc2386471cce92c0758a770a7d6e33cee7a3f0,64,262144,512,0,2097152,512,0,0,512,0,0,2097152,0,0,0,2097152,0,2097152,0.0,0.0,21458,47542
random,9,zlib,2,0,63c2889836d7873362277e132ecc2386471cce92c0758a770a7d6e33cee7a3f0,64,262144,512,0,2097152,512,0,0,512,0,0,2097152,0,0,0,2097152,0,2097152,0.0,0.0,35785416,48875
random,9,dedup_zlib,2,0,63c2889836d7873362277e132ecc2386471cce92c0758a770a7d6e33cee7a3f0,64,262144,512,0,2097152,512,0,0,512,0,0,2097152,0,20480,0,2117632,0,2117632,-0.9766,-0.9766,37303167,47917
random,9,delta,2,0,63c2889836d7873362277e132ecc2386471cce92c0758a770a7d6e33cee7a3f0,64,262144,512,0,2097152,512,0,0,512,0,0,2097152,0,0,0,2097152,262144,2359296,0.0,-12.5,10446750,47542
random,9,min_page,2,0,63c2889836d7873362277e132ecc2386471cce92c0758a770a7d6e33cee7a3f0,64,262144,512,0,2097152,512,0,0,512,0,0,2097152,0,0,0,2097152,262144,2359296,0.0,-12.5,46953500,47333
