family,quantity,n_seeds,median,min,max,n_negative
sparse,saving_pct:raw,10,0.0,0.0,0.0,0
sparse,saving_pct:zlib,10,65.0306,57.9646,69.5732,0
sparse,saving_pct:dedup_zlib,10,77.6488,72.2982,82.5817,0
sparse,saving_pct:delta,10,96.4844,96.4844,96.4844,0
sparse,saving_pct:min_page,10,96.6005,96.5386,96.6229,0
sparse,charged_saving_pct:delta,10,69.4797,64.4844,70.7816,0
sparse,charged_saving_pct:min_page,10,69.6062,64.5386,70.8993,0
sparse,delta_bytes:zlib-raw,10,-615357.5,-689632.0,-474846.0,10
sparse,delta_pct_of_raw:zlib-raw,10,-65.0306,-69.5732,-57.9646,10
sparse,delta_bytes:dedup_zlib-zlib,10,-121968.0,-152362.0,-102189.0,10
sparse,delta_pct_of_raw:dedup_zlib-zlib,10,-12.8556,-15.4991,-11.5502,10
sparse,delta_bytes:dedup_zlib-raw,10,-739921.5,-818576.0,-592267.0,10
sparse,delta_pct_of_raw:dedup_zlib-raw,10,-77.6488,-82.5817,-72.2982,10
sparse,delta_bytes:delta-zlib,10,-303993.0,-364554.0,-258253.0,10
sparse,delta_pct_of_raw:delta-zlib,10,-31.4538,-38.5198,-26.9112,10
sparse,delta_bytes:min_page-raw,10,-937852.5,-985249.0,-790844.0,10
sparse,delta_pct_of_raw:min_page-raw,10,-96.6005,-96.6229,-96.5386,10
sparse,delta_bytes:min_page-zlib,10,-305055.5,-365359.0,-259338.0,10
sparse,delta_pct_of_raw:min_page-zlib,10,-31.5633,-38.574,-27.0398,10
sparse,delta_bytes:min_page-dedup_zlib,10,-180016.5,-212997.0,-139083.0,10
sparse,delta_pct_of_raw:min_page-dedup_zlib,10,-18.9451,-24.2404,-14.0313,10
sparse,"primary_bytes:min_page-best(zlib,dedup_zlib)",10,-180016.5,-212997.0,-139083.0,10
sparse,"primary_pct_of_raw:min_page-best(zlib,dedup_zlib)",10,-18.9451,-24.2404,-14.0313,10
sparse,"charged_bytes:min_page-best(zlib,dedup_zlib)",10,82127.5,49147.0,123061.0,0
sparse,"charged_pct_of_raw:min_page-best(zlib,dedup_zlib)",10,8.7833,4.9995,12.415,0
sparse,per_page_bytes:dedup_zlib-min_page,10,775.9906,574.7231,992.885,0
sparse,enc_ms:raw,10,0.0128,0.0109,0.0134,0
sparse,dec_ms:raw,10,0.0345,0.0291,0.0363,0
sparse,enc_ms:zlib,10,21.7359,19.8492,23.3497,0
sparse,dec_ms:zlib,10,2.4937,2.1617,2.5958,0
sparse,enc_ms:dedup_zlib,10,14.1304,12.557,15.7455,0
sparse,dec_ms:dedup_zlib,10,1.4819,1.389,1.6564,0
sparse,enc_ms:delta,10,3.4485,2.9043,3.5838,0
sparse,dec_ms:delta,10,2.801,2.3662,2.9328,0
sparse,enc_ms:min_page,10,25.4842,23.2677,27.4388,0
sparse,dec_ms:min_page,10,2.5652,2.3444,2.7537,0
heavy,saving_pct:raw,10,0.0,0.0,0.0,0
heavy,saving_pct:zlib,10,35.6466,35.0542,36.2054,0
heavy,saving_pct:dedup_zlib,10,34.6701,34.0777,35.2288,0
heavy,saving_pct:delta,10,24.6094,24.6094,24.6094,0
heavy,saving_pct:min_page,10,36.0656,35.6617,36.6891,0
heavy,charged_saving_pct:delta,10,8.2828,7.5881,9.0754,0
heavy,charged_saving_pct:min_page,10,19.5472,19.3007,21.1551,0
heavy,delta_bytes:zlib-raw,10,-570343.0,-609896.0,-557598.0,10
heavy,delta_pct_of_raw:zlib-raw,10,-35.6466,-36.2054,-35.0542,10
heavy,delta_bytes:dedup_zlib-zlib,10,15680.0,15040.0,16480.0,0
heavy,delta_pct_of_raw:dedup_zlib-zlib,10,0.9766,0.9766,0.9766,0
heavy,delta_bytes:dedup_zlib-raw,10,-554663.0,-593416.0,-542558.0,10
heavy,delta_pct_of_raw:dedup_zlib-raw,10,-34.6701,-35.2288,-34.0777,10
heavy,delta_bytes:delta-zlib,10,177588.5,168134.0,194600.0,0
heavy,delta_pct_of_raw:delta-zlib,10,11.0372,10.4449,11.596,0
heavy,delta_bytes:min_page-raw,10,-575663.0,-619148.0,-562381.0,10
heavy,delta_pct_of_raw:min_page-raw,10,-36.0656,-36.6891,-35.6617,10
heavy,delta_bytes:min_page-zlib,10,-7151.0,-10069.0,-4783.0,10
heavy,delta_pct_of_raw:min_page-zlib,10,-0.449,-0.6271,-0.3106,10
heavy,delta_bytes:min_page-dedup_zlib,10,-22691.0,-25749.0,-19823.0,10
heavy,delta_pct_of_raw:min_page-dedup_zlib,10,-1.4256,-1.6037,-1.2871,10
heavy,"primary_bytes:min_page-best(zlib,dedup_zlib)",10,-7151.0,-10069.0,-4783.0,10
heavy,"primary_pct_of_raw:min_page-best(zlib,dedup_zlib)",10,-0.449,-0.6271,-0.3106,10
heavy,"charged_bytes:min_page-best(zlib,dedup_zlib)",10,254993.0,252075.0,257361.0,0
heavy,"charged_pct_of_raw:min_page-best(zlib,dedup_zlib)",10,15.9071,14.9857,16.7107,0
heavy,per_page_bytes:dedup_zlib-min_page,10,58.3905,52.7207,65.6862,0
heavy,enc_ms:raw,10,0.0359,0.0329,0.2108,0
heavy,dec_ms:raw,10,0.0554,0.0519,0.0962,0
heavy,enc_ms:zlib,10,44.577,42.8112,47.284,0
heavy,dec_ms:zlib,10,6.1391,5.8509,6.364,0
heavy,enc_ms:dedup_zlib,10,46.0231,44.1768,48.6181,0
heavy,dec_ms:dedup_zlib,10,6.1968,6.1035,6.392,0
heavy,enc_ms:delta,10,7.7126,7.219,8.3236,0
heavy,dec_ms:delta,10,5.0973,4.9507,5.3054,0
heavy,enc_ms:min_page,10,52.9997,51.0698,55.9768,0
heavy,dec_ms:min_page,10,6.1324,6.0057,6.302,0
random,saving_pct:raw,10,0.0,0.0,0.0,0
random,saving_pct:zlib,10,0.0,0.0,0.0,0
random,saving_pct:dedup_zlib,10,-0.9766,-0.9766,-0.9766,10
random,saving_pct:delta,10,0.0,0.0,0.0,0
random,saving_pct:min_page,10,0.0,0.0,0.0,0
random,charged_saving_pct:delta,10,-12.5,-12.5,-12.5,10
random,charged_saving_pct:min_page,10,-12.5,-12.5,-12.5,10
random,delta_bytes:zlib-raw,10,0.0,0.0,0.0,0
random,delta_pct_of_raw:zlib-raw,10,0.0,0.0,0.0,0
random,delta_bytes:dedup_zlib-zlib,10,20480.0,20480.0,20480.0,0
random,delta_pct_of_raw:dedup_zlib-zlib,10,0.9766,0.9766,0.9766,0
random,delta_bytes:dedup_zlib-raw,10,20480.0,20480.0,20480.0,0
random,delta_pct_of_raw:dedup_zlib-raw,10,0.9766,0.9766,0.9766,0
random,delta_bytes:delta-zlib,10,0.0,0.0,0.0,0
random,delta_pct_of_raw:delta-zlib,10,0.0,0.0,0.0,0
random,delta_bytes:min_page-raw,10,0.0,0.0,0.0,0
random,delta_pct_of_raw:min_page-raw,10,0.0,0.0,0.0,0
random,delta_bytes:min_page-zlib,10,0.0,0.0,0.0,0
random,delta_pct_of_raw:min_page-zlib,10,0.0,0.0,0.0,0
random,delta_bytes:min_page-dedup_zlib,10,-20480.0,-20480.0,-20480.0,10
random,delta_pct_of_raw:min_page-dedup_zlib,10,-0.9766,-0.9766,-0.9766,10
random,"primary_bytes:min_page-best(zlib,dedup_zlib)",10,0.0,0.0,0.0,0
random,"primary_pct_of_raw:min_page-best(zlib,dedup_zlib)",10,0.0,0.0,0.0,0
random,"charged_bytes:min_page-best(zlib,dedup_zlib)",10,262144.0,262144.0,262144.0,0
random,"charged_pct_of_raw:min_page-best(zlib,dedup_zlib)",10,12.5,12.5,12.5,0
random,per_page_bytes:dedup_zlib-min_page,10,40.0,40.0,40.0,0
random,enc_ms:raw,10,0.0226,0.0218,0.0234,0
random,dec_ms:raw,10,0.0483,0.0474,0.0491,0
random,enc_ms:zlib,10,36.7622,35.8724,37.4798,0
random,dec_ms:zlib,10,0.0527,0.0478,0.0847,0
random,enc_ms:dedup_zlib,10,37.9963,37.4376,38.6689,0
random,dec_ms:dedup_zlib,10,0.0488,0.0475,0.0566,0
random,enc_ms:delta,10,10.5052,10.264,10.958,0
random,dec_ms:delta,10,0.0488,0.0471,0.059,0
random,enc_ms:min_page,10,47.8053,46.9535,48.4645,0
random,dec_ms:min_page,10,0.0557,0.047,0.1061,0
