family,seed,method,repeat,corpus_sha256,template_pages,template_bytes,private_pages,excluded_cow_pages,raw_bytes,stored_objects,compressed_objects,resident_objects,duplicate_pages,payload_bytes,header_bytes,index_bytes,ref_bytes,total_bytes,saving_pct,enc_ns,dec_ns
sparse,0,raw,0,1670876614c06e7638bf1a53b1dcf52ec84e929a8cb1b3cb95e4b1d0aee22a15,64,262144,221,28,905216,221,0,221,0,905216,0,0,0,905216,0.0,10833,19959
sparse,0,zlib,0,1670876614c06e7638bf1a53b1dcf52ec84e929a8cb1b3cb95e4b1d0aee22a15,64,262144,221,28,905216,221,207,14,0,321548,1656,0,0,323204,64.2954,21430375,2728084
sparse,0,dedup_zlib,0,1670876614c06e7638bf1a53b1dcf52ec84e929a8cb1b3cb95e4b1d0aee22a15,64,262144,221,28,905216,139,130,9,82,200960,1040,5560,656,208216,76.9982,14368417,1679208
sparse,0,raw,1,1670876614c06e7638bf1a53b1dcf52ec84e929a8cb1b3cb95e4b1d0aee22a15,64,262144,221,28,905216,221,0,221,0,905216,0,0,0,905216,0.0,18958,25709
sparse,0,zlib,1,1670876614c06e7638bf1a53b1dcf52ec84e929a8cb1b3cb95e4b1d0aee22a15,64,262144,221,28,905216,221,207,14,0,321548,1656,0,0,323204,64.2954,21243125,2716209
sparse,0,dedup_zlib,1,1670876614c06e7638bf1a53b1dcf52ec84e929a8cb1b3cb95e4b1d0aee22a15,64,262144,221,28,905216,139,130,9,82,200960,1040,5560,656,208216,76.9982,13975709,1669500
sparse,0,raw,2,1670876614c06e7638bf1a53b1dcf52ec84e929a8cb1b3cb95e4b1d0aee22a15,64,262144,221,28,905216,221,0,221,0,905216,0,0,0,905216,0.0,18208,26375
sparse,0,zlib,2,1670876614c06e7638bf1a53b1dcf52ec84e929a8cb1b3cb95e4b1d0aee22a15,64,262144,221,28,905216,221,207,14,0,321548,1656,0,0,323204,64.2954,21215167,2625125
sparse,0,dedup_zlib,2,1670876614c06e7638bf1a53b1dcf52ec84e929a8cb1b3cb95e4b1d0aee22a15,64,262144,221,28,905216,139,130,9,82,200960,1040,5560,656,208216,76.9982,13843917,1642708
sparse,1,raw,0,0c6bd7afbd48cf2343c80ab40a08ad15e31b7acc6d70068ec467424e4dd168b9,64,262144,236,27,966656,236,0,236,0,966656,0,0,0,966656,0.0,28459,32333
sparse,1,zlib,0,0c6bd7afbd48cf2343c80ab40a08ad15e31b7acc6d70068ec467424e4dd168b9,64,262144,236,27,966656,236,206,30,0,348963,1648,0,0,350611,63.7295,22234375,2423583
sparse,1,dedup_zlib,0,0c6bd7afbd48cf2343c80ab40a08ad15e31b7acc6d70068ec467424e4dd168b9,64,262144,236,27,966656,142,122,20,94,215693,976,5680,752,223101,76.9203,13921875,1629917
sparse,1,raw,1,0c6bd7afbd48cf2343c80ab40a08ad15e31b7acc6d70068ec467424e4dd168b9,64,262144,236,27,966656,236,0,236,0,966656,0,0,0,966656,0.0,22917,27000
sparse,1,zlib,1,0c6bd7afbd48cf2343c80ab40a08ad15e31b7acc6d70068ec467424e4dd168b9,64,262144,236,27,966656,236,206,30,0,348963,1648,0,0,350611,63.7295,25181416,2387792
sparse,1,dedup_zlib,1,0c6bd7afbd48cf2343c80ab40a08ad15e31b7acc6d70068ec467424e4dd168b9,64,262144,236,27,966656,142,122,20,94,215693,976,5680,752,223101,76.9203,14286000,1619042
sparse,1,raw,2,0c6bd7afbd48cf2343c80ab40a08ad15e31b7acc6d70068ec467424e4dd168b9,64,262144,236,27,966656,236,0,236,0,966656,0,0,0,966656,0.0,19917,29042
sparse,1,zlib,2,0c6bd7afbd48cf2343c80ab40a08ad15e31b7acc6d70068ec467424e4dd168b9,64,262144,236,27,966656,236,206,30,0,348963,1648,0,0,350611,63.7295,21573250,2375584
sparse,1,dedup_zlib,2,0c6bd7afbd48cf2343c80ab40a08ad15e31b7acc6d70068ec467424e4dd168b9,64,262144,236,27,966656,142,122,20,94,215693,976,5680,752,223101,76.9203,14001541,1530917
sparse,2,raw,0,94feaa216ac89485300f460a7170d28279a65cfd311f36e9a1a3a51f46fc7c59,64,262144,238,26,974848,238,0,238,0,974848,0,0,0,974848,0.0,27042,31917
sparse,2,zlib,0,94feaa216ac89485300f460a7170d28279a65cfd311f36e9a1a3a51f46fc7c59,64,262144,238,26,974848,238,223,15,0,298178,1784,0,0,299962,69.2299,22712458,2477750
sparse,2,dedup_zlib,0,94feaa216ac89485300f460a7170d28279a65cfd311f36e9a1a3a51f46fc7c59,64,262144,238,26,974848,142,134,8,96,176608,1072,5680,768,184128,81.1121,14320417,1474917
sparse,2,raw,1,94feaa216ac89485300f460a7170d28279a65cfd311f36e9a1a3a51f46fc7c59,64,262144,238,26,974848,238,0,238,0,974848,0,0,0,974848,0.0,17792,27375
sparse,2,zlib,1,94feaa216ac89485300f460a7170d28279a65cfd311f36e9a1a3a51f46fc7c59,64,262144,238,26,974848,238,223,15,0,298178,1784,0,0,299962,69.2299,22041792,2479708
sparse,2,dedup_zlib,1,94feaa216ac89485300f460a7170d28279a65cfd311f36e9a1a3a51f46fc7c59,64,262144,238,26,974848,142,134,8,96,176608,1072,5680,768,184128,81.1121,14205875,1475166
sparse,2,raw,2,94feaa216ac89485300f460a7170d28279a65cfd311f36e9a1a3a51f46fc7c59,64,262144,238,26,974848,238,0,238,0,974848,0,0,0,974848,0.0,16500,26250
sparse,2,zlib,2,94feaa216ac89485300f460a7170d28279a65cfd311f36e9a1a3a51f46fc7c59,64,262144,238,26,974848,238,223,15,0,298178,1784,0,0,299962,69.2299,21935625,2480917
sparse,2,dedup_zlib,2,94feaa216ac89485300f460a7170d28279a65cfd311f36e9a1a3a51f46fc7c59,64,262144,238,26,974848,142,134,8,96,176608,1072,5680,768,184128,81.1121,14153000,1481458
sparse,3,raw,0,b7061cff98403699c01909b1cecb33947f3338f49bab72e13de3138616068f02,64,262144,240,22,983040,240,0,240,0,983040,0,0,0,983040,0.0,16167,29083
sparse,3,zlib,0,b7061cff98403699c01909b1cecb33947f3338f49bab72e13de3138616068f02,64,262144,240,22,983040,240,205,35,0,397474,1640,0,0,399114,59.4,23087791,2631584
sparse,3,dedup_zlib,0,b7061cff98403699c01909b1cecb33947f3338f49bab72e13de3138616068f02,64,262144,240,22,983040,153,136,17,87,238848,1088,6120,696,246752,74.8991,16076625,1780708
sparse,3,raw,1,b7061cff98403699c01909b1cecb33947f3338f49bab72e13de3138616068f02,64,262144,240,22,983040,240,0,240,0,983040,0,0,0,983040,0.0,19375,27875
sparse,3,zlib,1,b7061cff98403699c01909b1cecb33947f3338f49bab72e13de3138616068f02,64,262144,240,22,983040,240,205,35,0,397474,1640,0,0,399114,59.4,22840000,2537250
sparse,3,dedup_zlib,1,b7061cff98403699c01909b1cecb33947f3338f49bab72e13de3138616068f02,64,262144,240,22,983040,153,136,17,87,238848,1088,6120,696,246752,74.8991,15599833,1706375
sparse,3,raw,2,b7061cff98403699c01909b1cecb33947f3338f49bab72e13de3138616068f02,64,262144,240,22,983040,240,0,240,0,983040,0,0,0,983040,0.0,17750,27625
sparse,3,zlib,2,b7061cff98403699c01909b1cecb33947f3338f49bab72e13de3138616068f02,64,262144,240,22,983040,240,205,35,0,397474,1640,0,0,399114,59.4,22466375,2543625
sparse,3,dedup_zlib,2,b7061cff98403699c01909b1cecb33947f3338f49bab72e13de3138616068f02,64,262144,240,22,983040,153,136,17,87,238848,1088,6120,696,246752,74.8991,16051958,1745709
sparse,4,raw,0,9715b3b667e9d47e5d542d2cc3af3f4aed5ec3798c38867573ab93561569a814,64,262144,242,25,991232,242,0,242,0,991232,0,0,0,991232,0.0,19417,29458
sparse,4,zlib,0,9715b3b667e9d47e5d542d2cc3af3f4aed5ec3798c38867573ab93561569a814,64,262144,242,25,991232,242,222,20,0,299824,1776,0,0,301600,69.5732,22430833,2351333
sparse,4,dedup_zlib,0,9715b3b667e9d47e5d542d2cc3af3f4aed5ec3798c38867573ab93561569a814,64,262144,242,25,991232,134,125,9,108,165432,1000,5360,864,172656,82.5817,13374667,1461000
sparse,4,raw,1,9715b3b667e9d47e5d542d2cc3af3f4aed5ec3798c38867573ab93561569a814,64,262144,242,25,991232,242,0,242,0,991232,0,0,0,991232,0.0,18125,27000
sparse,4,zlib,1,9715b3b667e9d47e5d542d2cc3af3f4aed5ec3798c38867573ab93561569a814,64,262144,242,25,991232,242,222,20,0,299824,1776,0,0,301600,69.5732,22162875,2345667
sparse,4,dedup_zlib,1,9715b3b667e9d47e5d542d2cc3af3f4aed5ec3798c38867573ab93561569a814,64,262144,242,25,991232,134,125,9,108,165432,1000,5360,864,172656,82.5817,13008250,1371792
sparse,4,raw,2,9715b3b667e9d47e5d542d2cc3af3f4aed5ec3798c38867573ab93561569a814,64,262144,242,25,991232,242,0,242,0,991232,0,0,0,991232,0.0,17167,27000
sparse,4,zlib,2,9715b3b667e9d47e5d542d2cc3af3f4aed5ec3798c38867573ab93561569a814,64,262144,242,25,991232,242,222,20,0,299824,1776,0,0,301600,69.5732,22038958,2374792
sparse,4,dedup_zlib,2,9715b3b667e9d47e5d542d2cc3af3f4aed5ec3798c38867573ab93561569a814,64,262144,242,25,991232,134,125,9,108,165432,1000,5360,864,172656,82.5817,13133083,1366917
sparse,5,raw,0,b1f0d2c5d1aba224fcd6f5b19dea8517038778a60fef149ff7dcaac0574f969c,64,262144,232,19,950272,232,0,232,0,950272,0,0,0,950272,0.0,16750,28083
sparse,5,zlib,0,b1f0d2c5d1aba224fcd6f5b19dea8517038778a60fef149ff7dcaac0574f969c,64,262144,232,19,950272,232,209,23,0,333930,1672,0,0,335602,64.6836,22633041,2503500
sparse,5,dedup_zlib,0,b1f0d2c5d1aba224fcd6f5b19dea8517038778a60fef149ff7dcaac0574f969c,64,262144,232,19,950272,142,128,14,90,207867,1024,5680,720,215291,77.3443,14815708,1534667
sparse,5,raw,1,b1f0d2c5d1aba224fcd6f5b19dea8517038778a60fef149ff7dcaac0574f969c,64,262144,232,19,950272,232,0,232,0,950272,0,0,0,950272,0.0,15958,26458
sparse,5,zlib,1,b1f0d2c5d1aba224fcd6f5b19dea8517038778a60fef149ff7dcaac0574f969c,64,262144,232,19,950272,232,209,23,0,333930,1672,0,0,335602,64.6836,22380875,2443000
sparse,5,dedup_zlib,1,b1f0d2c5d1aba224fcd6f5b19dea8517038778a60fef149ff7dcaac0574f969c,64,262144,232,19,950272,142,128,14,90,207867,1024,5680,720,215291,77.3443,14763459,1481958
sparse,5,raw,2,b1f0d2c5d1aba224fcd6f5b19dea8517038778a60fef149ff7dcaac0574f969c,64,262144,232,19,950272,232,0,232,0,950272,0,0,0,950272,0.0,15125,26333
sparse,5,zlib,2,b1f0d2c5d1aba224fcd6f5b19dea8517038778a60fef149ff7dcaac0574f969c,64,262144,232,19,950272,232,209,23,0,333930,1672,0,0,335602,64.6836,22336084,2436666
sparse,5,dedup_zlib,2,b1f0d2c5d1aba224fcd6f5b19dea8517038778a60fef149ff7dcaac0574f969c,64,262144,232,19,950272,142,128,14,90,207867,1024,5680,720,215291,77.3443,14745083,1488500
sparse,6,raw,0,248c38b558921f88ee12ce70730a134b0bda15fb51bb7eb7b97ad3fc6f8b07be,64,262144,249,22,1019904,249,0,249,0,1019904,0,0,0,1019904,0.0,16375,29709
sparse,6,zlib,0,248c38b558921f88ee12ce70730a134b0bda15fb51bb7eb7b97ad3fc6f8b07be,64,262144,249,22,1019904,249,227,22,0,341015,1816,0,0,342831,66.386,23594541,2608209
sparse,6,dedup_zlib,0,248c38b558921f88ee12ce70730a134b0bda15fb51bb7eb7b97ad3fc6f8b07be,64,262144,249,22,1019904,142,129,13,107,195319,1032,5680,856,202887,80.1072,14736292,1453208
sparse,6,raw,1,248c38b558921f88ee12ce70730a134b0bda15fb51bb7eb7b97ad3fc6f8b07be,64,262144,249,22,1019904,249,0,249,0,1019904,0,0,0,1019904,0.0,16541,28084
sparse,6,zlib,1,248c38b558921f88ee12ce70730a134b0bda15fb51bb7eb7b97ad3fc6f8b07be,64,262144,249,22,1019904,249,227,22,0,341015,1816,0,0,342831,66.386,23349250,2603417
sparse,6,dedup_zlib,1,248c38b558921f88ee12ce70730a134b0bda15fb51bb7eb7b97ad3fc6f8b07be,64,262144,249,22,1019904,142,129,13,107,195319,1032,5680,856,202887,80.1072,14720417,1430666
sparse,6,raw,2,248c38b558921f88ee12ce70730a134b0bda15fb51bb7eb7b97ad3fc6f8b07be,64,262144,249,22,1019904,249,0,249,0,1019904,0,0,0,1019904,0.0,16000,28250
sparse,6,zlib,2,248c38b558921f88ee12ce70730a134b0bda15fb51bb7eb7b97ad3fc6f8b07be,64,262144,249,22,1019904,249,227,22,0,341015,1816,0,0,342831,66.386,23320625,2612084
sparse,6,dedup_zlib,2,248c38b558921f88ee12ce70730a134b0bda15fb51bb7eb7b97ad3fc6f8b07be,64,262144,249,22,1019904,142,129,13,107,195319,1032,5680,856,202887,80.1072,14671583,1440125
sparse,7,raw,0,1ac4c4574a2d3cdb7e3533d7ef6b9d1cbaa619327a637ba4f988896cf517e40d,64,262144,216,28,884736,216,0,216,0,884736,0,0,0,884736,0.0,28917,33250
sparse,7,zlib,0,1ac4c4574a2d3cdb7e3533d7ef6b9d1cbaa619327a637ba4f988896cf517e40d,64,262144,216,28,884736,216,203,13,0,287733,1624,0,0,289357,67.2945,20258667,2428417
sparse,7,dedup_zlib,0,1ac4c4574a2d3cdb7e3533d7ef6b9d1cbaa619327a637ba4f988896cf517e40d,64,262144,216,28,884736,128,118,10,88,180400,944,5120,704,187168,78.8448,12632875,1414167
sparse,7,raw,1,1ac4c4574a2d3cdb7e3533d7ef6b9d1cbaa619327a637ba4f988896cf517e40d,64,262144,216,28,884736,216,0,216,0,884736,0,0,0,884736,0.0,14083,24042
sparse,7,zlib,1,1ac4c4574a2d3cdb7e3533d7ef6b9d1cbaa619327a637ba4f988896cf517e40d,64,262144,216,28,884736,216,203,13,0,287733,1624,0,0,289357,67.2945,20014666,2422792
sparse,7,dedup_zlib,1,1ac4c4574a2d3cdb7e3533d7ef6b9d1cbaa619327a637ba4f988896cf517e40d,64,262144,216,28,884736,128,118,10,88,180400,944,5120,704,187168,78.8448,12554875,1411625
sparse,7,raw,2,1ac4c4574a2d3cdb7e3533d7ef6b9d1cbaa619327a637ba4f988896cf517e40d,64,262144,216,28,884736,216,0,216,0,884736,0,0,0,884736,0.0,13750,24334
sparse,7,zlib,2,1ac4c4574a2d3cdb7e3533d7ef6b9d1cbaa619327a637ba4f988896cf517e40d,64,262144,216,28,884736,216,203,13,0,287733,1624,0,0,289357,67.2945,19916916,2420042
sparse,7,dedup_zlib,2,1ac4c4574a2d3cdb7e3533d7ef6b9d1cbaa619327a637ba4f988896cf517e40d,64,262144,216,28,884736,128,118,10,88,180400,944,5120,704,187168,78.8448,12540500,1410875
sparse,8,raw,0,f8e44b40470933988fb16f6bb9ae68b7d7910ced15c25e601b33fa9e5f97951b,64,262144,240,28,983040,240,0,240,0,983040,0,0,0,983040,0.0,14417,27667
sparse,8,zlib,0,f8e44b40470933988fb16f6bb9ae68b7d7910ced15c25e601b33fa9e5f97951b,64,262144,240,28,983040,240,217,23,0,338616,1736,0,0,340352,65.3776,21720875,2622750
sparse,8,dedup_zlib,0,f8e44b40470933988fb16f6bb9ae68b7d7910ced15c25e601b33fa9e5f97951b,64,262144,240,28,983040,148,134,14,92,208999,1072,5920,736,216727,77.9534,14088667,1667292
sparse,8,raw,1,f8e44b40470933988fb16f6bb9ae68b7d7910ced15c25e601b33fa9e5f97951b,64,262144,240,28,983040,240,0,240,0,983040,0,0,0,983040,0.0,16833,27542
sparse,8,zlib,1,f8e44b40470933988fb16f6bb9ae68b7d7910ced15c25e601b33fa9e5f97951b,64,262144,240,28,983040,240,217,23,0,338616,1736,0,0,340352,65.3776,20801167,2579416
sparse,8,dedup_zlib,1,f8e44b40470933988fb16f6bb9ae68b7d7910ced15c25e601b33fa9e5f97951b,64,262144,240,28,983040,148,134,14,92,208999,1072,5920,736,216727,77.9534,13726333,1631792
sparse,8,raw,2,f8e44b40470933988fb16f6bb9ae68b7d7910ced15c25e601b33fa9e5f97951b,64,262144,240,28,983040,240,0,240,0,983040,0,0,0,983040,0.0,15666,27417
sparse,8,zlib,2,f8e44b40470933988fb16f6bb9ae68b7d7910ced15c25e601b33fa9e5f97951b,64,262144,240,28,983040,240,217,23,0,338616,1736,0,0,340352,65.3776,20770625,2537125
sparse,8,dedup_zlib,2,f8e44b40470933988fb16f6bb9ae68b7d7910ced15c25e601b33fa9e5f97951b,64,262144,240,28,983040,148,134,14,92,208999,1072,5920,736,216727,77.9534,13743375,1572875
sparse,9,raw,0,a6524f4d123875e32d9076fe3f8d7a190f46cc925b5be1ecd2376e32ff398748,64,262144,200,22,819200,200,0,200,0,819200,0,0,0,819200,0.0,15041,26209
sparse,9,zlib,0,a6524f4d123875e32d9076fe3f8d7a190f46cc925b5be1ecd2376e32ff398748,64,262144,200,22,819200,200,171,29,0,342986,1368,0,0,344354,57.9646,20197250,2155292
sparse,9,dedup_zlib,0,a6524f4d123875e32d9076fe3f8d7a190f46cc925b5be1ecd2376e32ff398748,64,262144,200,22,819200,133,117,16,67,220141,936,5320,536,226933,72.2982,14502041,1448959
sparse,9,raw,1,a6524f4d123875e32d9076fe3f8d7a190f46cc925b5be1ecd2376e32ff398748,64,262144,200,22,819200,200,0,200,0,819200,0,0,0,819200,0.0,14250,23000
sparse,9,zlib,1,a6524f4d123875e32d9076fe3f8d7a190f46cc925b5be1ecd2376e32ff398748,64,262144,200,22,819200,200,171,29,0,342986,1368,0,0,344354,57.9646,19975167,2161625
sparse,9,dedup_zlib,1,a6524f4d123875e32d9076fe3f8d7a190f46cc925b5be1ecd2376e32ff398748,64,262144,200,22,819200,133,117,16,67,220141,936,5320,536,226933,72.2982,14409417,1456958
sparse,9,raw,2,a6524f4d123875e32d9076fe3f8d7a190f46cc925b5be1ecd2376e32ff398748,64,262144,200,22,819200,200,0,200,0,819200,0,0,0,819200,0.0,14291,23334
sparse,9,zlib,2,a6524f4d123875e32d9076fe3f8d7a190f46cc925b5be1ecd2376e32ff398748,64,262144,200,22,819200,200,171,29,0,342986,1368,0,0,344354,57.9646,19939084,2160125
sparse,9,dedup_zlib,2,a6524f4d123875e32d9076fe3f8d7a190f46cc925b5be1ecd2376e32ff398748,64,262144,200,22,819200,133,117,16,67,220141,936,5320,536,226933,72.2982,14385458,1473042
heavy,0,raw,0,c8efd201ab1cd9d76e64abccbee5854a5bae1371763fc1a1eb3084f30f11df64,64,262144,392,0,1605632,392,0,392,0,1605632,0,0,0,1605632,0.0,39250,48375
heavy,0,zlib,0,c8efd201ab1cd9d76e64abccbee5854a5bae1371763fc1a1eb3084f30f11df64,64,262144,392,0,1605632,392,392,0,0,1028808,3136,0,0,1031944,35.7297,47705667,6523041
heavy,0,dedup_zlib,0,c8efd201ab1cd9d76e64abccbee5854a5bae1371763fc1a1eb3084f30f11df64,64,262144,392,0,1605632,392,392,0,0,1028808,3136,15680,0,1047624,34.7532,48205750,6277416
heavy,0,raw,1,c8efd201ab1cd9d76e64abccbee5854a5bae1371763fc1a1eb3084f30f11df64,64,262144,392,0,1605632,392,0,392,0,1605632,0,0,0,1605632,0.0,41709,45666
heavy,0,zlib,1,c8efd201ab1cd9d76e64abccbee5854a5bae1371763fc1a1eb3084f30f11df64,64,262144,392,0,1605632,392,392,0,0,1028808,3136,0,0,1031944,35.7297,46357125,6244375
heavy,0,dedup_zlib,1,c8efd201ab1cd9d76e64abccbee5854a5bae1371763fc1a1eb3084f30f11df64,64,262144,392,0,1605632,392,392,0,0,1028808,3136,15680,0,1047624,34.7532,47059167,6299708
heavy,0,raw,2,c8efd201ab1cd9d76e64abccbee5854a5bae1371763fc1a1eb3084f30f11df64,64,262144,392,0,1605632,392,0,392,0,1605632,0,0,0,1605632,0.0,37292,47375
heavy,0,zlib,2,c8efd201ab1cd9d76e64abccbee5854a5bae1371763fc1a1eb3084f30f11df64,64,262144,392,0,1605632,392,392,0,0,1028808,3136,0,0,1031944,35.7297,45121208,6105917
heavy,0,dedup_zlib,2,c8efd201ab1cd9d76e64abccbee5854a5bae1371763fc1a1eb3084f30f11df64,64,262144,392,0,1605632,392,392,0,0,1028808,3136,15680,0,1047624,34.7532,46345375,6172208
heavy,1,raw,0,b38b943d4f24435eb0ad85dbf596af64abfb916f4133a3312be19a6481db0260,64,262144,376,0,1540096,376,0,376,0,1540096,0,0,0,1540096,0.0,52000,57333
heavy,1,zlib,0,b38b943d4f24435eb0ad85dbf596af64abfb916f4133a3312be19a6481db0260,64,262144,376,0,1540096,376,376,0,0,979490,3008,0,0,982498,36.2054,43087333,6031208
heavy,1,dedup_zlib,0,b38b943d4f24435eb0ad85dbf596af64abfb916f4133a3312be19a6481db0260,64,262144,376,0,1540096,376,376,0,0,979490,3008,15040,0,997538,35.2288,43987959,5924458
heavy,1,raw,1,b38b943d4f24435eb0ad85dbf596af64abfb916f4133a3312be19a6481db0260,64,262144,376,0,1540096,376,0,376,0,1540096,0,0,0,1540096,0.0,31208,44209
heavy,1,zlib,1,b38b943d4f24435eb0ad85dbf596af64abfb916f4133a3312be19a6481db0260,64,262144,376,0,1540096,376,376,0,0,979490,3008,0,0,982498,36.2054,44196917,5890000
heavy,1,dedup_zlib,1,b38b943d4f24435eb0ad85dbf596af64abfb916f4133a3312be19a6481db0260,64,262144,376,0,1540096,376,376,0,0,979490,3008,15040,0,997538,35.2288,44606125,5831625
heavy,1,raw,2,b38b943d4f24435eb0ad85dbf596af64abfb916f4133a3312be19a6481db0260,64,262144,376,0,1540096,376,0,376,0,1540096,0,0,0,1540096,0.0,32083,43459
heavy,1,zlib,2,b38b943d4f24435eb0ad85dbf596af64abfb916f4133a3312be19a6481db0260,64,262144,376,0,1540096,376,376,0,0,979490,3008,0,0,982498,36.2054,43064083,5862875
heavy,1,dedup_zlib,2,b38b943d4f24435eb0ad85dbf596af64abfb916f4133a3312be19a6481db0260,64,262144,376,0,1540096,376,376,0,0,979490,3008,15040,0,997538,35.2288,44631042,5915041
heavy,2,raw,0,b588d11d9fbb84cb77c4503eb1ef9c621bf6063cb60e65476428e2674ced19fd,64,262144,392,0,1605632,392,0,392,0,1605632,0,0,0,1605632,0.0,32458,45334
heavy,2,zlib,0,b588d11d9fbb84cb77c4503eb1ef9c621bf6063cb60e65476428e2674ced19fd,64,262144,392,0,1605632,392,392,0,0,1030735,3136,0,0,1033871,35.6097,43975250,6132167
heavy,2,dedup_zlib,0,b588d11d9fbb84cb77c4503eb1ef9c621bf6063cb60e65476428e2674ced19fd,64,262144,392,0,1605632,392,392,0,0,1030735,3136,15680,0,1049551,34.6332,45160792,6319666
heavy,2,raw,1,b588d11d9fbb84cb77c4503eb1ef9c621bf6063cb60e65476428e2674ced19fd,64,262144,392,0,1605632,392,0,392,0,1605632,0,0,0,1605632,0.0,32667,45208
heavy,2,zlib,1,b588d11d9fbb84cb77c4503eb1ef9c621bf6063cb60e65476428e2674ced19fd,64,262144,392,0,1605632,392,392,0,0,1030735,3136,0,0,1033871,35.6097,44596084,6191875
heavy,2,dedup_zlib,1,b588d11d9fbb84cb77c4503eb1ef9c621bf6063cb60e65476428e2674ced19fd,64,262144,392,0,1605632,392,392,0,0,1030735,3136,15680,0,1049551,34.6332,45706833,6139708
heavy,2,raw,2,b588d11d9fbb84cb77c4503eb1ef9c621bf6063cb60e65476428e2674ced19fd,64,262144,392,0,1605632,392,0,392,0,1605632,0,0,0,1605632,0.0,33083,44750
heavy,2,zlib,2,b588d11d9fbb84cb77c4503eb1ef9c621bf6063cb60e65476428e2674ced19fd,64,262144,392,0,1605632,392,392,0,0,1030735,3136,0,0,1033871,35.6097,44401042,6130542
heavy,2,dedup_zlib,2,b588d11d9fbb84cb77c4503eb1ef9c621bf6063cb60e65476428e2674ced19fd,64,262144,392,0,1605632,392,392,0,0,1030735,3136,15680,0,1049551,34.6332,45632625,6146125
heavy,3,raw,0,9a60ffa095ba1f037f0460ef607b7511b28be360c38796c1810667394c687a1a,64,262144,392,0,1605632,392,0,392,0,1605632,0,0,0,1605632,0.0,41875,53750
heavy,3,zlib,0,9a60ffa095ba1f037f0460ef607b7511b28be360c38796c1810667394c687a1a,64,262144,392,0,1605632,392,392,0,0,1024931,3136,0,0,1028067,35.9712,44913125,6290459
heavy,3,dedup_zlib,0,9a60ffa095ba1f037f0460ef607b7511b28be360c38796c1810667394c687a1a,64,262144,392,0,1605632,392,392,0,0,1024931,3136,15680,0,1043747,34.9946,46593666,6129959
heavy,3,raw,1,9a60ffa095ba1f037f0460ef607b7511b28be360c38796c1810667394c687a1a,64,262144,392,0,1605632,392,0,392,0,1605632,0,0,0,1605632,0.0,34250,46625
heavy,3,zlib,1,9a60ffa095ba1f037f0460ef607b7511b28be360c38796c1810667394c687a1a,64,262144,392,0,1605632,392,392,0,0,1024931,3136,0,0,1028067,35.9712,44980167,6062667
heavy,3,dedup_zlib,1,9a60ffa095ba1f037f0460ef607b7511b28be360c38796c1810667394c687a1a,64,262144,392,0,1605632,392,392,0,0,1024931,3136,15680,0,1043747,34.9946,46398958,6173125
heavy,3,raw,2,9a60ffa095ba1f037f0460ef607b7511b28be360c38796c1810667394c687a1a,64,262144,392,0,1605632,392,0,392,0,1605632,0,0,0,1605632,0.0,33084,46750
heavy,3,zlib,2,9a60ffa095ba1f037f0460ef607b7511b28be360c38796c1810667394c687a1a,64,262144,392,0,1605632,392,392,0,0,1024931,3136,0,0,1028067,35.9712,45186958,6073167
heavy,3,dedup_zlib,2,9a60ffa095ba1f037f0460ef607b7511b28be360c38796c1810667394c687a1a,64,262144,392,0,1605632,392,392,0,0,1024931,3136,15680,0,1043747,34.9946,46549417,6088583
heavy,4,raw,0,3d0290c6785c1680e0d5448f9e3a3fb21cff4b614798ff3e13370a19fba9b87f,64,262144,385,0,1576960,385,0,385,0,1576960,0,0,0,1576960,0.0,33416,46875
heavy,4,zlib,0,3d0290c6785c1680e0d5448f9e3a3fb21cff4b614798ff3e13370a19fba9b87f,64,262144,385,0,1576960,385,385,0,0,1013762,3080,0,0,1016842,35.5188,43998875,6022875
heavy,4,dedup_zlib,0,3d0290c6785c1680e0d5448f9e3a3fb21cff4b614798ff3e13370a19fba9b87f,64,262144,385,0,1576960,385,385,0,0,1013762,3080,15400,0,1032242,34.5423,45004709,6024500
heavy,4,raw,1,3d0290c6785c1680e0d5448f9e3a3fb21cff4b614798ff3e13370a19fba9b87f,64,262144,385,0,1576960,385,0,385,0,1576960,0,0,0,1576960,0.0,32750,45500
heavy,4,zlib,1,3d0290c6785c1680e0d5448f9e3a3fb21cff4b614798ff3e13370a19fba9b87f,64,262144,385,0,1576960,385,385,0,0,1013762,3080,0,0,1016842,35.5188,44065500,6014708
heavy,4,dedup_zlib,1,3d0290c6785c1680e0d5448f9e3a3fb21cff4b614798ff3e13370a19fba9b87f,64,262144,385,0,1576960,385,385,0,0,1013762,3080,15400,0,1032242,34.5423,45330083,6032709
heavy,4,raw,2,3d0290c6785c1680e0d5448f9e3a3fb21cff4b614798ff3e13370a19fba9b87f,64,262144,385,0,1576960,385,0,385,0,1576960,0,0,0,1576960,0.0,31416,44792
heavy,4,zlib,2,3d0290c6785c1680e0d5448f9e3a3fb21cff4b614798ff3e13370a19fba9b87f,64,262144,385,0,1576960,385,385,0,0,1013762,3080,0,0,1016842,35.5188,44015417,6058958
heavy,4,dedup_zlib,2,3d0290c6785c1680e0d5448f9e3a3fb21cff4b614798ff3e13370a19fba9b87f,64,262144,385,0,1576960,385,385,0,0,1013762,3080,15400,0,1032242,34.5423,45257916,6055750
heavy,5,raw,0,a62348c37b41400bb4def801d16c093c2904949676b9264ee6344144089d4261,64,262144,390,0,1597440,390,0,390,0,1597440,0,0,0,1597440,0.0,33292,46875
heavy,5,zlib,0,a62348c37b41400bb4def801d16c093c2904949676b9264ee6344144089d4261,64,262144,390,0,1597440,390,390,0,0,1029119,3120,0,0,1032239,35.3817,44404834,6123333
heavy,5,dedup_zlib,0,a62348c37b41400bb4def801d16c093c2904949676b9264ee6344144089d4261,64,262144,390,0,1597440,390,390,0,0,1029119,3120,15600,0,1047839,34.4051,45644458,6126083
heavy,5,raw,1,a62348c37b41400bb4def801d16c093c2904949676b9264ee6344144089d4261,64,262144,390,0,1597440,390,0,390,0,1597440,0,0,0,1597440,0.0,33583,45708
heavy,5,zlib,1,a62348c37b41400bb4def801d16c093c2904949676b9264ee6344144089d4261,64,262144,390,0,1597440,390,390,0,0,1029119,3120,0,0,1032239,35.3817,44785709,6117458
heavy,5,dedup_zlib,1,a62348c37b41400bb4def801d16c093c2904949676b9264ee6344144089d4261,64,262144,390,0,1597440,390,390,0,0,1029119,3120,15600,0,1047839,34.4051,45963041,6156084
heavy,5,raw,2,a62348c37b41400bb4def801d16c093c2904949676b9264ee6344144089d4261,64,262144,390,0,1597440,390,0,390,0,1597440,0,0,0,1597440,0.0,32792,45583
heavy,5,zlib,2,a62348c37b41400bb4def801d16c093c2904949676b9264ee6344144089d4261,64,262144,390,0,1597440,390,390,0,0,1029119,3120,0,0,1032239,35.3817,44623958,6116792
heavy,5,dedup_zlib,2,a62348c37b41400bb4def801d16c093c2904949676b9264ee6344144089d4261,64,262144,390,0,1597440,390,390,0,0,1029119,3120,15600,0,1047839,34.4051,46229709,6361958
heavy,6,raw,0,3ca2ec29b04ebd3007b0be74f1b0ee31e97a4fd6c910281cd7745827c6af2bd5,64,262144,392,0,1605632,392,0,392,0,1605632,0,0,0,1605632,0.0,34583,46958
heavy,6,zlib,0,3ca2ec29b04ebd3007b0be74f1b0ee31e97a4fd6c910281cd7745827c6af2bd5,64,262144,392,0,1605632,392,392,0,0,1033571,3136,0,0,1036707,35.4331,44158250,6204459
heavy,6,dedup_zlib,0,3ca2ec29b04ebd3007b0be74f1b0ee31e97a4fd6c910281cd7745827c6af2bd5,64,262144,392,0,1605632,392,392,0,0,1033571,3136,15680,0,1052387,34.4565,45289166,6212584
heavy,6,raw,1,3ca2ec29b04ebd3007b0be74f1b0ee31e97a4fd6c910281cd7745827c6af2bd5,64,262144,392,0,1605632,392,0,392,0,1605632,0,0,0,1605632,0.0,33000,46125
heavy,6,zlib,1,3ca2ec29b04ebd3007b0be74f1b0ee31e97a4fd6c910281cd7745827c6af2bd5,64,262144,392,0,1605632,392,392,0,0,1033571,3136,0,0,1036707,35.4331,44280375,6099500
heavy,6,dedup_zlib,1,3ca2ec29b04ebd3007b0be74f1b0ee31e97a4fd6c910281cd7745827c6af2bd5,64,262144,392,0,1605632,392,392,0,0,1033571,3136,15680,0,1052387,34.4565,45468167,6126958
heavy,6,raw,2,3ca2ec29b04ebd3007b0be74f1b0ee31e97a4fd6c910281cd7745827c6af2bd5,64,262144,392,0,1605632,392,0,392,0,1605632,0,0,0,1605632,0.0,32083,44917
heavy,6,zlib,2,3ca2ec29b04ebd3007b0be74f1b0ee31e97a4fd6c910281cd7745827c6af2bd5,64,262144,392,0,1605632,392,392,0,0,1033571,3136,0,0,1036707,35.4331,44208208,6103042
heavy,6,dedup_zlib,2,3ca2ec29b04ebd3007b0be74f1b0ee31e97a4fd6c910281cd7745827c6af2bd5,64,262144,392,0,1605632,392,392,0,0,1033571,3136,15680,0,1052387,34.4565,45505792,6128500
heavy,7,raw,0,00d6840af3d2a7d4f672b1ef11b1fbd5c791b79a3142b4683faa69f6e6e08078,64,262144,412,0,1687552,412,0,412,0,1687552,0,0,0,1687552,0.0,34666,48542
heavy,7,zlib,0,00d6840af3d2a7d4f672b1ef11b1fbd5c791b79a3142b4683faa69f6e6e08078,64,262144,412,0,1687552,412,412,0,0,1074360,3296,0,0,1077656,36.1409,47422791,6375584
heavy,7,dedup_zlib,0,00d6840af3d2a7d4f672b1ef11b1fbd5c791b79a3142b4683faa69f6e6e08078,64,262144,412,0,1687552,412,412,0,0,1074360,3296,16480,0,1094136,35.1643,50845875,8405833
heavy,7,raw,1,00d6840af3d2a7d4f672b1ef11b1fbd5c791b79a3142b4683faa69f6e6e08078,64,262144,412,0,1687552,412,0,412,0,1687552,0,0,0,1687552,0.0,47791,56667
heavy,7,zlib,1,00d6840af3d2a7d4f672b1ef11b1fbd5c791b79a3142b4683faa69f6e6e08078,64,262144,412,0,1687552,412,412,0,0,1074360,3296,0,0,1077656,36.1409,49097166,6799834
heavy,7,dedup_zlib,1,00d6840af3d2a7d4f672b1ef11b1fbd5c791b79a3142b4683faa69f6e6e08078,64,262144,412,0,1687552,412,412,0,0,1074360,3296,16480,0,1094136,35.1643,49158208,6390000
heavy,7,raw,2,00d6840af3d2a7d4f672b1ef11b1fbd5c791b79a3142b4683faa69f6e6e08078,64,262144,412,0,1687552,412,0,412,0,1687552,0,0,0,1687552,0.0,36833,47583
heavy,7,zlib,2,00d6840af3d2a7d4f672b1ef11b1fbd5c791b79a3142b4683faa69f6e6e08078,64,262144,412,0,1687552,412,412,0,0,1074360,3296,0,0,1077656,36.1409,47795208,6343084
heavy,7,dedup_zlib,2,00d6840af3d2a7d4f672b1ef11b1fbd5c791b79a3142b4683faa69f6e6e08078,64,262144,412,0,1687552,412,412,0,0,1074360,3296,16480,0,1094136,35.1643,48832500,6368709
heavy,8,raw,0,ce7bea3d30f4057fb901e934f72b58d08754deedffc9ec5e9f3d93e62d5931a5,64,262144,395,0,1617920,395,0,395,0,1617920,0,0,0,1617920,0.0,36500,50625
heavy,8,zlib,0,ce7bea3d30f4057fb901e934f72b58d08754deedffc9ec5e9f3d93e62d5931a5,64,262144,395,0,1617920,395,395,0,0,1037429,3160,0,0,1040589,35.6835,45232334,6159375
heavy,8,dedup_zlib,0,ce7bea3d30f4057fb901e934f72b58d08754deedffc9ec5e9f3d93e62d5931a5,64,262144,395,0,1617920,395,395,0,0,1037429,3160,15800,0,1056389,34.707,46360458,6210417
heavy,8,raw,1,ce7bea3d30f4057fb901e934f72b58d08754deedffc9ec5e9f3d93e62d5931a5,64,262144,395,0,1617920,395,0,395,0,1617920,0,0,0,1617920,0.0,38333,46875
heavy,8,zlib,1,ce7bea3d30f4057fb901e934f72b58d08754deedffc9ec5e9f3d93e62d5931a5,64,262144,395,0,1617920,395,395,0,0,1037429,3160,0,0,1040589,35.6835,45526208,6150958
heavy,8,dedup_zlib,1,ce7bea3d30f4057fb901e934f72b58d08754deedffc9ec5e9f3d93e62d5931a5,64,262144,395,0,1617920,395,395,0,0,1037429,3160,15800,0,1056389,34.707,46704916,6221000
heavy,8,raw,2,ce7bea3d30f4057fb901e934f72b58d08754deedffc9ec5e9f3d93e62d5931a5,64,262144,395,0,1617920,395,0,395,0,1617920,0,0,0,1617920,0.0,33708,46000
heavy,8,zlib,2,ce7bea3d30f4057fb901e934f72b58d08754deedffc9ec5e9f3d93e62d5931a5,64,262144,395,0,1617920,395,395,0,0,1037429,3160,0,0,1040589,35.6835,45464125,6174083
heavy,8,dedup_zlib,2,ce7bea3d30f4057fb901e934f72b58d08754deedffc9ec5e9f3d93e62d5931a5,64,262144,395,0,1617920,395,395,0,0,1037429,3160,15800,0,1056389,34.707,47193208,6224625
heavy,9,raw,0,d038a4eb5a266b552a5644fbeb62bb58e1ab8347d4ff666088dae0f944246fcb,64,262144,393,0,1609728,393,0,393,0,1609728,0,0,0,1609728,0.0,52208,61375
heavy,9,zlib,0,d038a4eb5a266b552a5644fbeb62bb58e1ab8347d4ff666088dae0f944246fcb,64,262144,393,0,1609728,393,393,0,0,1042306,3144,0,0,1045450,35.0542,44749708,6288083
heavy,9,dedup_zlib,0,d038a4eb5a266b552a5644fbeb62bb58e1ab8347d4ff666088dae0f944246fcb,64,262144,393,0,1609728,393,393,0,0,1042306,3144,15720,0,1061170,34.0777,45709291,6279542
heavy,9,raw,1,d038a4eb5a266b552a5644fbeb62bb58e1ab8347d4ff666088dae0f944246fcb,64,262144,393,0,1609728,393,0,393,0,1609728,0,0,0,1609728,0.0,34625,46917
heavy,9,zlib,1,d038a4eb5a266b552a5644fbeb62bb58e1ab8347d4ff666088dae0f944246fcb,64,262144,393,0,1609728,393,393,0,0,1042306,3144,0,0,1045450,35.0542,44561542,6151375
heavy,9,dedup_zlib,1,d038a4eb5a266b552a5644fbeb62bb58e1ab8347d4ff666088dae0f944246fcb,64,262144,393,0,1609728,393,393,0,0,1042306,3144,15720,0,1061170,34.0777,45667833,6162000
heavy,9,raw,2,d038a4eb5a266b552a5644fbeb62bb58e1ab8347d4ff666088dae0f944246fcb,64,262144,393,0,1609728,393,0,393,0,1609728,0,0,0,1609728,0.0,33833,45417
heavy,9,zlib,2,d038a4eb5a266b552a5644fbeb62bb58e1ab8347d4ff666088dae0f944246fcb,64,262144,393,0,1609728,393,393,0,0,1042306,3144,0,0,1045450,35.0542,44381750,6139375
heavy,9,dedup_zlib,2,d038a4eb5a266b552a5644fbeb62bb58e1ab8347d4ff666088dae0f944246fcb,64,262144,393,0,1609728,393,393,0,0,1042306,3144,15720,0,1061170,34.0777,45961208,6171375
random,0,raw,0,1350007a99f9ddf6948ae5a34386c3dd25acbce4c5743e45f35ccfd889a72a66,64,262144,512,0,2097152,512,0,512,0,2097152,0,0,0,2097152,0.0,96667,55375
random,0,zlib,0,1350007a99f9ddf6948ae5a34386c3dd25acbce4c5743e45f35ccfd889a72a66,64,262144,512,0,2097152,512,0,512,0,2097152,0,0,0,2097152,0.0,37396542,52250
random,0,dedup_zlib,0,1350007a99f9ddf6948ae5a34386c3dd25acbce4c5743e45f35ccfd889a72a66,64,262144,512,0,2097152,512,0,512,0,2097152,0,20480,0,2117632,-0.9766,38307292,50750
random,0,raw,1,1350007a99f9ddf6948ae5a34386c3dd25acbce4c5743e45f35ccfd889a72a66,64,262144,512,0,2097152,512,0,512,0,2097152,0,0,0,2097152,0.0,25209,38583
random,0,zlib,1,1350007a99f9ddf6948ae5a34386c3dd25acbce4c5743e45f35ccfd889a72a66,64,262144,512,0,2097152,512,0,512,0,2097152,0,0,0,2097152,0.0,37158166,41834
random,0,dedup_zlib,1,1350007a99f9ddf6948ae5a34386c3dd25acbce4c5743e45f35ccfd889a72a66,64,262144,512,0,2097152,512,0,512,0,2097152,0,20480,0,2117632,-0.9766,38120750,40250
random,0,raw,2,1350007a99f9ddf6948ae5a34386c3dd25acbce4c5743e45f35ccfd889a72a66,64,262144,512,0,2097152,512,0,512,0,2097152,0,0,0,2097152,0.0,22750,38750
random,0,zlib,2,1350007a99f9ddf6948ae5a34386c3dd25acbce4c5743e45f35ccfd889a72a66,64,262144,512,0,2097152,512,0,512,0,2097152,0,0,0,2097152,0.0,36309125,39417
random,0,dedup_zlib,2,1350007a99f9ddf6948ae5a34386c3dd25acbce4c5743e45f35ccfd889a72a66,64,262144,512,0,2097152,512,0,512,0,2097152,0,20480,0,2117632,-0.9766,37667041,39167
random,1,raw,0,eb182b5f1e69447b5d123c8cdb49f22f35f75cfbc2b6ddac984ece19e74bfc8b,64,262144,512,0,2097152,512,0,512,0,2097152,0,0,0,2097152,0.0,22958,187959
random,1,zlib,0,eb182b5f1e69447b5d123c8cdb49f22f35f75cfbc2b6ddac984ece19e74bfc8b,64,262144,512,0,2097152,512,0,512,0,2097152,0,0,0,2097152,0.0,36836250,43750
random,1,dedup_zlib,0,eb182b5f1e69447b5d123c8cdb49f22f35f75cfbc2b6ddac984ece19e74bfc8b,64,262144,512,0,2097152,512,0,512,0,2097152,0,20480,0,2117632,-0.9766,39808084,45916
random,1,raw,1,eb182b5f1e69447b5d123c8cdb49f22f35f75cfbc2b6ddac984ece19e74bfc8b,64,262144,512,0,2097152,512,0,512,0,2097152,0,0,0,2097152,0.0,24334,39500
random,1,zlib,1,eb182b5f1e69447b5d123c8cdb49f22f35f75cfbc2b6ddac984ece19e74bfc8b,64,262144,512,0,2097152,512,0,512,0,2097152,0,0,0,2097152,0.0,40685666,46250
random,1,dedup_zlib,1,eb182b5f1e69447b5d123c8cdb49f22f35f75cfbc2b6ddac984ece19e74bfc8b,64,262144,512,0,2097152,512,0,512,0,2097152,0,20480,0,2117632,-0.9766,39693166,47000
random,1,raw,2,eb182b5f1e69447b5d123c8cdb49f22f35f75cfbc2b6ddac984ece19e74bfc8b,64,262144,512,0,2097152,512,0,512,0,2097152,0,0,0,2097152,0.0,24917,39458
random,1,zlib,2,eb182b5f1e69447b5d123c8cdb49f22f35f75cfbc2b6ddac984ece19e74bfc8b,64,262144,512,0,2097152,512,0,512,0,2097152,0,0,0,2097152,0.0,37789458,46083
random,1,dedup_zlib,2,eb182b5f1e69447b5d123c8cdb49f22f35f75cfbc2b6ddac984ece19e74bfc8b,64,262144,512,0,2097152,512,0,512,0,2097152,0,20480,0,2117632,-0.9766,39343125,46416
random,2,raw,0,c005f6d39e666c20d79c29fd0f958820ba00c81f3f2cf0fe786659eea14db35a,64,262144,512,0,2097152,512,0,512,0,2097152,0,0,0,2097152,0.0,26917,59375
random,2,zlib,0,c005f6d39e666c20d79c29fd0f958820ba00c81f3f2cf0fe786659eea14db35a,64,262144,512,0,2097152,512,0,512,0,2097152,0,0,0,2097152,0.0,40129000,46583
random,2,dedup_zlib,0,c005f6d39e666c20d79c29fd0f958820ba00c81f3f2cf0fe786659eea14db35a,64,262144,512,0,2097152,512,0,512,0,2097152,0,20480,0,2117632,-0.9766,38171458,41833
random,2,raw,1,c005f6d39e666c20d79c29fd0f958820ba00c81f3f2cf0fe786659eea14db35a,64,262144,512,0,2097152,512,0,512,0,2097152,0,0,0,2097152,0.0,23542,39000
random,2,zlib,1,c005f6d39e666c20d79c29fd0f958820ba00c81f3f2cf0fe786659eea14db35a,64,262144,512,0,2097152,512,0,512,0,2097152,0,0,0,2097152,0.0,36438250,44583
random,2,dedup_zlib,1,c005f6d39e666c20d79c29fd0f958820ba00c81f3f2cf0fe786659eea14db35a,64,262144,512,0,2097152,512,0,512,0,2097152,0,20480,0,2117632,-0.9766,38898166,44792
random,2,raw,2,c005f6d39e666c20d79c29fd0f958820ba00c81f3f2cf0fe786659eea14db35a,64,262144,512,0,2097152,512,0,512,0,2097152,0,0,0,2097152,0.0,23959,39541
random,2,zlib,2,c005f6d39e666c20d79c29fd0f958820ba00c81f3f2cf0fe786659eea14db35a,64,262144,512,0,2097152,512,0,512,0,2097152,0,0,0,2097152,0.0,37398792,39916
random,2,dedup_zlib,2,c005f6d39e666c20d79c29fd0f958820ba00c81f3f2cf0fe786659eea14db35a,64,262144,512,0,2097152,512,0,512,0,2097152,0,20480,0,2117632,-0.9766,38676917,39583
random,3,raw,0,dfc76acf81e001d27a54f1d21070967436bb5d256500c628730e343614e6efce,64,262144,512,0,2097152,512,0,512,0,2097152,0,0,0,2097152,0.0,24000,60500
random,3,zlib,0,dfc76acf81e001d27a54f1d21070967436bb5d256500c628730e343614e6efce,64,262144,512,0,2097152,512,0,512,0,2097152,0,0,0,2097152,0.0,37296708,38459
random,3,dedup_zlib,0,dfc76acf81e001d27a54f1d21070967436bb5d256500c628730e343614e6efce,64,262144,512,0,2097152,512,0,512,0,2097152,0,20480,0,2117632,-0.9766,38639542,38500
random,3,raw,1,dfc76acf81e001d27a54f1d21070967436bb5d256500c628730e343614e6efce,64,262144,512,0,2097152,512,0,512,0,2097152,0,0,0,2097152,0.0,22541,38334
random,3,zlib,1,dfc76acf81e001d27a54f1d21070967436bb5d256500c628730e343614e6efce,64,262144,512,0,2097152,512,0,512,0,2097152,0,0,0,2097152,0.0,36952542,37958
random,3,dedup_zlib,1,dfc76acf81e001d27a54f1d21070967436bb5d256500c628730e343614e6efce,64,262144,512,0,2097152,512,0,512,0,2097152,0,20480,0,2117632,-0.9766,38407875,38333
random,3,raw,2,dfc76acf81e001d27a54f1d21070967436bb5d256500c628730e343614e6efce,64,262144,512,0,2097152,512,0,512,0,2097152,0,0,0,2097152,0.0,21917,38167
random,3,zlib,2,dfc76acf81e001d27a54f1d21070967436bb5d256500c628730e343614e6efce,64,262144,512,0,2097152,512,0,512,0,2097152,0,0,0,2097152,0.0,36943166,39625
random,3,dedup_zlib,2,dfc76acf81e001d27a54f1d21070967436bb5d256500c628730e343614e6efce,64,262144,512,0,2097152,512,0,512,0,2097152,0,20480,0,2117632,-0.9766,38535416,38667
random,4,raw,0,f7dcf73500cd2f53f22103395d257c177811703169829cee2f97fefeccf8cb06,64,262144,512,0,2097152,512,0,512,0,2097152,0,0,0,2097152,0.0,23166,56709
random,4,zlib,0,f7dcf73500cd2f53f22103395d257c177811703169829cee2f97fefeccf8cb06,64,262144,512,0,2097152,512,0,512,0,2097152,0,0,0,2097152,0.0,37299375,38125
random,4,dedup_zlib,0,f7dcf73500cd2f53f22103395d257c177811703169829cee2f97fefeccf8cb06,64,262144,512,0,2097152,512,0,512,0,2097152,0,20480,0,2117632,-0.9766,37965375,42250
random,4,raw,1,f7dcf73500cd2f53f22103395d257c177811703169829cee2f97fefeccf8cb06,64,262144,512,0,2097152,512,0,512,0,2097152,0,0,0,2097152,0.0,24042,38125
random,4,zlib,1,f7dcf73500cd2f53f22103395d257c177811703169829cee2f97fefeccf8cb06,64,262144,512,0,2097152,512,0,512,0,2097152,0,0,0,2097152,0.0,35937292,40250
random,4,dedup_zlib,1,f7dcf73500cd2f53f22103395d257c177811703169829cee2f97fefeccf8cb06,64,262144,512,0,2097152,512,0,512,0,2097152,0,20480,0,2117632,-0.9766,37274333,39834
random,4,raw,2,f7dcf73500cd2f53f22103395d257c177811703169829cee2f97fefeccf8cb06,64,262144,512,0,2097152,512,0,512,0,2097152,0,0,0,2097152,0.0,21625,38500
random,4,zlib,2,f7dcf73500cd2f53f22103395d257c177811703169829cee2f97fefeccf8cb06,64,262144,512,0,2097152,512,0,512,0,2097152,0,0,0,2097152,0.0,51953875,44291
random,4,dedup_zlib,2,f7dcf73500cd2f53f22103395d257c177811703169829cee2f97fefeccf8cb06,64,262144,512,0,2097152,512,0,512,0,2097152,0,20480,0,2117632,-0.9766,39869750,44375
random,5,raw,0,e05ec27b077e20c8b72e60aa44cad0157f4736c1a6dd04d12b09e4bf18f2dbcd,64,262144,512,0,2097152,512,0,512,0,2097152,0,0,0,2097152,0.0,24667,57916
random,5,zlib,0,e05ec27b077e20c8b72e60aa44cad0157f4736c1a6dd04d12b09e4bf18f2dbcd,64,262144,512,0,2097152,512,0,512,0,2097152,0,0,0,2097152,0.0,36721750,38333
random,5,dedup_zlib,0,e05ec27b077e20c8b72e60aa44cad0157f4736c1a6dd04d12b09e4bf18f2dbcd,64,262144,512,0,2097152,512,0,512,0,2097152,0,20480,0,2117632,-0.9766,37622875,38333
random,5,raw,1,e05ec27b077e20c8b72e60aa44cad0157f4736c1a6dd04d12b09e4bf18f2dbcd,64,262144,512,0,2097152,512,0,512,0,2097152,0,0,0,2097152,0.0,21500,37833
random,5,zlib,1,e05ec27b077e20c8b72e60aa44cad0157f4736c1a6dd04d12b09e4bf18f2dbcd,64,262144,512,0,2097152,512,0,512,0,2097152,0,0,0,2097152,0.0,35889792,38375
random,5,dedup_zlib,1,e05ec27b077e20c8b72e60aa44cad0157f4736c1a6dd04d12b09e4bf18f2dbcd,64,262144,512,0,2097152,512,0,512,0,2097152,0,20480,0,2117632,-0.9766,37184583,37834
random,5,raw,2,e05ec27b077e20c8b72e60aa44cad0157f4736c1a6dd04d12b09e4bf18f2dbcd,64,262144,512,0,2097152,512,0,512,0,2097152,0,0,0,2097152,0.0,22042,37291
random,5,zlib,2,e05ec27b077e20c8b72e60aa44cad0157f4736c1a6dd04d12b09e4bf18f2dbcd,64,262144,512,0,2097152,512,0,512,0,2097152,0,0,0,2097152,0.0,36186958,40958
random,5,dedup_zlib,2,e05ec27b077e20c8b72e60aa44cad0157f4736c1a6dd04d12b09e4bf18f2dbcd,64,262144,512,0,2097152,512,0,512,0,2097152,0,20480,0,2117632,-0.9766,37148750,37750
random,6,raw,0,74454850e8397b5208e50a7811a8928ecedda5f639081ec1390690ba28ae2d31,64,262144,512,0,2097152,512,0,512,0,2097152,0,0,0,2097152,0.0,25916,58667
random,6,zlib,0,74454850e8397b5208e50a7811a8928ecedda5f639081ec1390690ba28ae2d31,64,262144,512,0,2097152,512,0,512,0,2097152,0,0,0,2097152,0.0,37296833,39792
random,6,dedup_zlib,0,74454850e8397b5208e50a7811a8928ecedda5f639081ec1390690ba28ae2d31,64,262144,512,0,2097152,512,0,512,0,2097152,0,20480,0,2117632,-0.9766,38840542,39791
random,6,raw,1,74454850e8397b5208e50a7811a8928ecedda5f639081ec1390690ba28ae2d31,64,262144,512,0,2097152,512,0,512,0,2097152,0,0,0,2097152,0.0,23625,38291
random,6,zlib,1,74454850e8397b5208e50a7811a8928ecedda5f639081ec1390690ba28ae2d31,64,262144,512,0,2097152,512,0,512,0,2097152,0,0,0,2097152,0.0,37042500,42584
random,6,dedup_zlib,1,74454850e8397b5208e50a7811a8928ecedda5f639081ec1390690ba28ae2d31,64,262144,512,0,2097152,512,0,512,0,2097152,0,20480,0,2117632,-0.9766,38750792,48375
random,6,raw,2,74454850e8397b5208e50a7811a8928ecedda5f639081ec1390690ba28ae2d31,64,262144,512,0,2097152,512,0,512,0,2097152,0,0,0,2097152,0.0,25042,41041
random,6,zlib,2,74454850e8397b5208e50a7811a8928ecedda5f639081ec1390690ba28ae2d31,64,262144,512,0,2097152,512,0,512,0,2097152,0,0,0,2097152,0.0,37016417,45833
random,6,dedup_zlib,2,74454850e8397b5208e50a7811a8928ecedda5f639081ec1390690ba28ae2d31,64,262144,512,0,2097152,512,0,512,0,2097152,0,20480,0,2117632,-0.9766,38417292,45250
random,7,raw,0,0037e913d74962187b04cbd48b4dc7638e664320dcd5fc1377479d4e3de965eb,64,262144,512,0,2097152,512,0,512,0,2097152,0,0,0,2097152,0.0,27083,62125
random,7,zlib,0,0037e913d74962187b04cbd48b4dc7638e664320dcd5fc1377479d4e3de965eb,64,262144,512,0,2097152,512,0,512,0,2097152,0,0,0,2097152,0.0,36478375,43625
random,7,dedup_zlib,0,0037e913d74962187b04cbd48b4dc7638e664320dcd5fc1377479d4e3de965eb,64,262144,512,0,2097152,512,0,512,0,2097152,0,20480,0,2117632,-0.9766,37446375,42125
random,7,raw,1,0037e913d74962187b04cbd48b4dc7638e664320dcd5fc1377479d4e3de965eb,64,262144,512,0,2097152,512,0,512,0,2097152,0,0,0,2097152,0.0,23000,38084
random,7,zlib,1,0037e913d74962187b04cbd48b4dc7638e664320dcd5fc1377479d4e3de965eb,64,262144,512,0,2097152,512,0,512,0,2097152,0,0,0,2097152,0.0,37131583,48417
random,7,dedup_zlib,1,0037e913d74962187b04cbd48b4dc7638e664320dcd5fc1377479d4e3de965eb,64,262144,512,0,2097152,512,0,512,0,2097152,0,20480,0,2117632,-0.9766,44845792,46875
random,7,raw,2,0037e913d74962187b04cbd48b4dc7638e664320dcd5fc1377479d4e3de965eb,64,262144,512,0,2097152,512,0,512,0,2097152,0,0,0,2097152,0.0,25167,40417
random,7,zlib,2,0037e913d74962187b04cbd48b4dc7638e664320dcd5fc1377479d4e3de965eb,64,262144,512,0,2097152,512,0,512,0,2097152,0,0,0,2097152,0.0,36822333,50750
random,7,dedup_zlib,2,0037e913d74962187b04cbd48b4dc7638e664320dcd5fc1377479d4e3de965eb,64,262144,512,0,2097152,512,0,512,0,2097152,0,20480,0,2117632,-0.9766,37738417,41333
random,8,raw,0,0a3bae94834559ecdfa48f9fc3401c81e47386bbcd3a72dec0a9a100c4a222aa,64,262144,512,0,2097152,512,0,512,0,2097152,0,0,0,2097152,0.0,25750,60209
random,8,zlib,0,0a3bae94834559ecdfa48f9fc3401c81e47386bbcd3a72dec0a9a100c4a222aa,64,262144,512,0,2097152,512,0,512,0,2097152,0,0,0,2097152,0.0,37154375,42333
random,8,dedup_zlib,0,0a3bae94834559ecdfa48f9fc3401c81e47386bbcd3a72dec0a9a100c4a222aa,64,262144,512,0,2097152,512,0,512,0,2097152,0,20480,0,2117632,-0.9766,38051625,42334
random,8,raw,1,0a3bae94834559ecdfa48f9fc3401c81e47386bbcd3a72dec0a9a100c4a222aa,64,262144,512,0,2097152,512,0,512,0,2097152,0,0,0,2097152,0.0,23791,39750
random,8,zlib,1,0a3bae94834559ecdfa48f9fc3401c81e47386bbcd3a72dec0a9a100c4a222aa,64,262144,512,0,2097152,512,0,512,0,2097152,0,0,0,2097152,0.0,35900542,39625
random,8,dedup_zlib,1,0a3bae94834559ecdfa48f9fc3401c81e47386bbcd3a72dec0a9a100c4a222aa,64,262144,512,0,2097152,512,0,512,0,2097152,0,20480,0,2117632,-0.9766,37981750,43042
random,8,raw,2,0a3bae94834559ecdfa48f9fc3401c81e47386bbcd3a72dec0a9a100c4a222aa,64,262144,512,0,2097152,512,0,512,0,2097152,0,0,0,2097152,0.0,24000,38916
random,8,zlib,2,0a3bae94834559ecdfa48f9fc3401c81e47386bbcd3a72dec0a9a100c4a222aa,64,262144,512,0,2097152,512,0,512,0,2097152,0,0,0,2097152,0.0,36855458,50917
random,8,dedup_zlib,2,0a3bae94834559ecdfa48f9fc3401c81e47386bbcd3a72dec0a9a100c4a222aa,64,262144,512,0,2097152,512,0,512,0,2097152,0,20480,0,2117632,-0.9766,37574667,41625
random,9,raw,0,63c2889836d7873362277e132ecc2386471cce92c0758a770a7d6e33cee7a3f0,64,262144,512,0,2097152,512,0,512,0,2097152,0,0,0,2097152,0.0,23084,59750
random,9,zlib,0,63c2889836d7873362277e132ecc2386471cce92c0758a770a7d6e33cee7a3f0,64,262144,512,0,2097152,512,0,512,0,2097152,0,0,0,2097152,0.0,35983958,39333
random,9,dedup_zlib,0,63c2889836d7873362277e132ecc2386471cce92c0758a770a7d6e33cee7a3f0,64,262144,512,0,2097152,512,0,512,0,2097152,0,20480,0,2117632,-0.9766,37281083,40417
random,9,raw,1,63c2889836d7873362277e132ecc2386471cce92c0758a770a7d6e33cee7a3f0,64,262144,512,0,2097152,512,0,512,0,2097152,0,0,0,2097152,0.0,21500,39625
random,9,zlib,1,63c2889836d7873362277e132ecc2386471cce92c0758a770a7d6e33cee7a3f0,64,262144,512,0,2097152,512,0,512,0,2097152,0,0,0,2097152,0.0,35877000,39333
random,9,dedup_zlib,1,63c2889836d7873362277e132ecc2386471cce92c0758a770a7d6e33cee7a3f0,64,262144,512,0,2097152,512,0,512,0,2097152,0,20480,0,2117632,-0.9766,37247375,39666
random,9,raw,2,63c2889836d7873362277e132ecc2386471cce92c0758a770a7d6e33cee7a3f0,64,262144,512,0,2097152,512,0,512,0,2097152,0,0,0,2097152,0.0,21000,39000
random,9,zlib,2,63c2889836d7873362277e132ecc2386471cce92c0758a770a7d6e33cee7a3f0,64,262144,512,0,2097152,512,0,512,0,2097152,0,0,0,2097152,0.0,35521125,38875
random,9,dedup_zlib,2,63c2889836d7873362277e132ecc2386471cce92c0758a770a7d6e33cee7a3f0,64,262144,512,0,2097152,512,0,512,0,2097152,0,20480,0,2117632,-0.9766,37026083,38875
