family,quantity,n_seeds,median,min,max
sparse,saving_pct:raw,10,0.0,0.0,0.0
sparse,saving_pct:zlib,10,65.0306,57.9646,69.5732
sparse,saving_pct:dedup_zlib,10,77.6488,72.2982,82.5817
sparse,delta_bytes:zlib-raw,10,-615357.5,-689632.0,-474846.0
sparse,delta_pct_of_raw:zlib-raw,10,-65.0306,-69.5732,-57.9646
sparse,delta_bytes:dedup_zlib-zlib,10,-121968.0,-152362.0,-102189.0
sparse,delta_pct_of_raw:dedup_zlib-zlib,10,-12.8556,-15.4991,-11.5502
sparse,delta_bytes:dedup_zlib-raw,10,-739921.5,-818576.0,-592267.0
sparse,delta_pct_of_raw:dedup_zlib-raw,10,-77.6488,-82.5817,-72.2982
sparse,enc_ms:raw,10,0.0171,0.0141,0.0229
sparse,dec_ms:raw,10,0.0272,0.0233,0.029
sparse,enc_ms:zlib,10,22.1023,19.9752,23.3493
sparse,dec_ms:zlib,10,2.4614,2.1601,2.7162
sparse,enc_ms:dedup_zlib,10,14.1037,12.5549,16.052
sparse,dec_ms:dedup_zlib,10,1.4818,1.3718,1.7457
heavy,saving_pct:raw,10,0.0,0.0,0.0
heavy,saving_pct:zlib,10,35.6466,35.0542,36.2054
heavy,saving_pct:dedup_zlib,10,34.6701,34.0777,35.2288
heavy,delta_bytes:zlib-raw,10,-570343.0,-609896.0,-557598.0
heavy,delta_pct_of_raw:zlib-raw,10,-35.6466,-36.2054,-35.0542
heavy,delta_bytes:dedup_zlib-zlib,10,15680.0,15040.0,16480.0
heavy,delta_pct_of_raw:dedup_zlib-zlib,10,0.9766,0.9766,0.9766
heavy,delta_bytes:dedup_zlib-raw,10,-554663.0,-593416.0,-542558.0
heavy,delta_pct_of_raw:dedup_zlib-raw,10,-34.6701,-35.2288,-34.0777
heavy,enc_ms:raw,10,0.0338,0.0321,0.0393
heavy,dec_ms:raw,10,0.0464,0.0442,0.0485
heavy,enc_ms:zlib,10,44.5928,43.0873,47.7952
heavy,dec_ms:zlib,10,6.1248,5.89,6.3756
heavy,enc_ms:dedup_zlib,10,45.8362,44.6061,49.1582
heavy,dec_ms:dedup_zlib,10,6.1511,5.915,6.39
random,saving_pct:raw,10,0.0,0.0,0.0
random,saving_pct:zlib,10,0.0,0.0,0.0
random,saving_pct:dedup_zlib,10,-0.9766,-0.9766,-0.9766
random,delta_bytes:zlib-raw,10,0.0,0.0,0.0
random,delta_pct_of_raw:zlib-raw,10,0.0,0.0,0.0
random,delta_bytes:dedup_zlib-zlib,10,20480.0,20480.0,20480.0
random,delta_pct_of_raw:dedup_zlib-zlib,10,0.9766,0.9766,0.9766
random,delta_bytes:dedup_zlib-raw,10,20480.0,20480.0,20480.0
random,delta_pct_of_raw:dedup_zlib-raw,10,0.9766,0.9766,0.9766
random,enc_ms:raw,10,0.024,0.0215,0.0252
random,dec_ms:raw,10,0.0395,0.0378,0.041
random,enc_ms:zlib,10,36.9975,35.877,37.7895
random,dec_ms:zlib,10,0.0421,0.0384,0.0484
random,enc_ms:dedup_zlib,10,38.0512,37.1846,39.6932
random,dec_ms:dedup_zlib,10,0.042,0.0378,0.0464
